bird,date,patch,total.bright,avg.bright,hue,chrom
1267,061114,b,120054.572333333,60.117462360207,675.06,0.323062999864894
1269,061114,b,121470.951333333,60.8267157402771,643.726666666667,0.319157330312987
1270,061114,b,115081.913666667,57.6273979302287,566.5,0.316764272888621
1273,061114,b,106355.553333333,53.2576631614088,627.766666666667,0.323878925136649
1275,061114,b,124774.488666667,62.4809657820063,643.406666666667,0.303683876873341
1276,061114,b,109449.553333333,54.8069871473878,655.123333333333,0.316935209797921
1279,061114,b,128739.795,64.4665973960941,625.706666666667,0.30522249585995
1280,061114,b,87101.061,43.6159544316475,609.793333333333,0.296601627917152
1281,061114,b,78210.4168,39.1639543314972,606.443333333333,0.35533133145048
1248,061214,b,96505.3506666667,48.3251630779503,643.086666666667,0.307491608616681
1282,061214,b,96952.5706666667,48.5491089968286,609.406666666667,0.298418039406045
1283,061214,b,79513.1532,39.8163010515774,627.493333333333,0.333833820738401
1286,061214,b,145368.233333333,72.7933066266066,627.433333333333,0.302795090929631
1289,061214,b,97843.9873333333,48.9954868970122,638.373333333333,0.306627609760406
1290,061214,b,120503.210666667,60.3421185111,633.5,0.3071544455578
1291,061214,b,158387.886666667,79.3129127023869,634.48,0.297029709240599
1292,061214,b,87437.103,43.7842278417626,661.093333333333,0.330311643172523
1297,061214,b,101994.863333333,51.0740427307628,610.18,0.37648674477968
1299,061214,b,110330.960333333,55.2483526957102,661.16,0.316423901102686
1300,061214,b,130399.158666667,65.297525621766,633.77,0.313550178524161
1301,061214,b,99606.1116666667,49.8778726422968,626.793333333333,0.313814323495316
1302,061214,b,105379.289666667,52.7687980303789,642.156666666667,0.315928607670993
1305,061214,b,146797.748666667,73.5091380403939,628.46,0.32050750830305
1308,061214,b,120987.954,60.5848542814221,657.133333333333,0.302788911691425
1311,061214,b,138694.427333333,69.4513907527959,661.16,0.296568897746178
1312,061214,b,144904.103333333,72.5608930061759,643.46,0.304351878990365
1295,061314,b,119622.430666667,59.9010669337339,655.753333333333,0.303459161319354
1296,061314,b,121368.075333333,60.7752004673677,590.463333333333,0.314832403638701
1313,062214,b,91871.2113333333,46.004612585545,640.48,0.38830141609175
1315,062214,b,73029.8543333333,36.5697818394258,610.18,0.420863855883728
1316,062214,b,58720.187,29.4041997996995,610.82,0.438849657065341
1318,062214,b,53504.536,26.7924566850275,644.486666666667,0.460569234372232
1319,062314,b,26574.9032,13.3074127190786,672.096666666667,0.524639187173219
1320,062314,b,31815.5908666667,15.9316929727925,661.786666666667,0.487528449944433
1321,062314,b,37229.8816,18.6429051577366,655.753333333333,0.486863880267515
1322,062314,b,39531.3536,19.7953698547822,673.106666666667,0.47971990371168
1323,062314,b,90139.17,45.1372909364046,553.176666666667,0.376214840252127
1324,062314,b,54562.322,27.3221442163245,643.786666666667,0.444934205913574
1325,062314,b,47057.9438333333,23.5643183942581,610.5,0.434121450802949
1326,062314,b,34186.1208333333,17.1187385244533,643.786666666667,0.481622995663054
1327,062314,b,50645.8607,25.3609718077116,645.123333333333,0.428193040959381
1329,062314,b,35224.2417,17.6385787180771,644.106666666667,0.446405273055881
1331,062314,b,82018.88,41.0710465698548,583.833333333333,0.37972188047424
1332,062314,b,92006.019,46.0721176765148,632.116666666667,0.351732265222808
1333,062314,b,48904.272,24.4888693039559,643.4,0.435473460034577
1334,062314,b,48989.929,24.5317621432148,610.18,0.437248768998647
1335,062314,b,64733.181,32.41521331998,608.466666666667,0.421832571871886
1336,062314,b,28438.3592333333,14.2405404273076,643.093333333333,0.442211281917211
1337,062314,b,69960.638,35.0328683024537,599.45,0.423369146803604
1338,062314,b,41543.465,20.802936905358,626.793333333333,0.468625087068352
1366,062314,b,70486.8826666667,35.2963859122016,642.813333333333,0.42937840620577
1339,062414,b,104724.096,52.4407090635954,623.056666666667,0.303017136452079
1342,062414,b,58065.364,29.076296444667,626.793333333333,0.420557666832333
1343,062414,b,56711.9926666667,28.3985942246703,625.706666666667,0.382313767306695
1344,062414,b,62060.2293333333,31.0767297613086,609.793333333333,0.429267653391
1345,062514,b,96864.7086666667,48.5051120013353,634.133333333333,0.340176384997866
1346,062514,b,47741.7706666667,23.9067454515106,631.72,0.448202824347845
1347,062514,b,57124.2073333333,28.6050111834418,596.78,0.43539528752343
1350,062514,b,43812.882,21.9393500250376,610.5,0.444115571525552
1351,062514,b,91343.2443333333,45.7402325154398,576.76,0.367885675868455
1352,062514,b,92486.3166666667,46.3126272742447,625.706666666667,0.323213020349126
1353,062514,b,87634.567,43.8831081622434,590.793333333333,0.355104755687941
1354,062514,b,48872.2663333333,24.4728424303121,610.5,0.428633800270795
1355,062514,b,104281.255,52.2189559339009,652.073333333333,0.363617408526122
1356,062514,b,59254.701,29.6718582874311,605.02,0.425722139756574
1357,062514,b,36909.6604666667,18.48255406443,660.4,0.4615136808225
1358,062514,b,59665.9072,29.8777702553831,625.1,0.42153897039737
1359,062514,b,23936.3503,11.9861543815724,677.113333333333,0.481696538218693
1360,062514,b,33941.7165333333,16.9963527958605,626.093333333333,0.470533235742975
1361,062714,b,101135.560666667,50.6437459522617,625.706666666667,0.340174021136826
1362,062714,b,53264.171,26.6720936404607,597.74,0.433291753539262
1363,062814,b,169279.369666667,84.7668350859623,677.73,0.286627054301201
1364,062814,b,86924.4146666667,43.5274985812051,610.5,0.370455317249377
1365,062814,b,33472.0675333333,16.7611755299616,675.06,0.478327308793552
1367,062814,b,65402.0786666667,32.7501645802036,614.413333333333,0.368618350058248
1368,062814,b,53216.983,26.6484641962944,686.416666666667,0.424585393241818
1369,062914,b,71216.5093333333,35.6617472875981,604.38,0.392539229503571
1370,062914,b,74677.0765333333,37.3946302119846,643.093333333333,0.37025524146482
1371,062914,b,81636.5853333333,40.8796120847939,626.453333333333,0.416226102420001
1372,062914,b,50724.1151666667,25.4001578200634,644.486666666667,0.429437488344382
1373,062914,b,80132.0646666667,40.1262216658321,597.43,0.368695942698512
1374,062914,b,58811.6486666667,29.4499993323318,624.84,0.457388808153982
1375,062914,b,79192.628,39.6557976965448,590.1,0.381610818917099
1376,062914,b,62749.0486666667,31.4216568185612,660.78,0.427180676127097
1378,062914,b,50880.2278666667,25.4783314304791,622.406666666667,0.421288465955506
1379,062914,b,118500.758666667,59.3393884159573,644.486666666667,0.344257373307003
1380,062914,b,69643.5836666667,34.8741029878151,610.5,0.408619328066485
1381,062914,b,48244.8912,24.1586836254382,656.433333333333,0.385247436686371
1384,062914,b,33462.852,16.7565608412619,602.476666666667,0.448329936877752
1385,062914,b,52490.522,26.2846880320481,605.406666666667,0.398919023547989
1386,062914,b,88479.0256666667,44.3059717910199,626.48,0.356923144996133
1387,062914,b,77636.771,38.8767005508262,605.47,0.383537371925035
1388,062914,b,47281.5516333333,23.6762902520447,627.073333333333,0.485954266606296
1389,062914,b,66580.497,33.3402588883325,603.05,0.42150995500809
1390,062914,b,58280.123,29.1838372558838,643.406666666667,0.430803928010473
1391,062914,b,68527.995,34.3154707060591,617.486666666667,0.426787128250547
1392,062914,b,78867.7273333333,39.4931033216491,610.5,0.4000591604252
1393,063014,b,87395.0463333333,43.7631679185445,643.02,0.345043688882457
1394,063014,b,91941.539,46.0398292438658,644.793333333333,0.391943974794934
1395,063014,b,60596.2232666667,30.3436270739442,660.086666666667,0.408602594089248
1396,063014,b,110673.598666667,55.4199292271741,598.06,0.340613606062336
1399,063014,b,53146.6363333333,26.6132380237022,609.406666666667,0.421123446356497
1400,063014,b,44607.0263333333,22.3370186947087,601.08,0.33276048757522
1401,063014,b,70999.3806666667,35.553019863128,606.413333333333,0.397236817523262
1402,063014,b,44612.61,22.3398147220831,626.786666666667,0.435337826278096
1408,063014,b,43802.2543333333,21.9340282089801,610.18,0.468834587628626
1410,063014,b,49258.5818333333,24.666290352195,601.02,0.43733203039823
1406,070114,b,46670.1901333333,23.3701502921048,598.766666666667,0.444984411755423
1407,070114,b,68481.761,34.2923189784677,619.04,0.427431206120436
1412,070114,b,141595.567,70.9041397095643,668.736666666667,0.314206875440738
1416,070114,b,38570.3093666667,19.3141258721415,610.82,0.471500496803304
1418,070114,b,34694.0603,17.373089784677,619.426666666667,0.50277295052518
1419,070114,b,147516.187666667,73.868897179102,611.073333333333,0.308273970115289
1420,070114,b,95426.9023333333,47.7851288599566,627.42,0.327978844857733
1421,070114,b,45033.1042333333,22.5503776831915,675.11,0.440072488153057
1422,070114,b,52593.3746,26.3361915873811,627.116666666667,0.428580256822369
1423,070114,b,76593.582,38.3543224837256,610.18,0.373140787902467
1424,070114,b,42079.2626666667,21.0712381906193,661.473333333333,0.441271432669092
1425,070114,b,97630.4176666667,48.888541645802,610.18,0.354742796307411
1427,070114,b,68277.831,34.1902008012018,633.156666666667,0.407274625568818
1428,070214,b,96012.469,48.0783520280421,616.78,0.406237332803139
1430,070214,b,83942.7193333333,42.0344112835921,604.813333333333,0.392730354971489
1432,070214,b,81680.4156666667,40.9015601735937,591.116666666667,0.389368356437276
1434,070214,b,55329.7796333333,27.706449490903,634.443333333333,0.471348739616957
1435,070214,b,59075.6,29.5821732598898,647.393333333333,0.463756077577274
1436,070214,b,58354.4128,29.2210379569354,661.16,0.421992996234922
1438,070214,b,94277.3253333333,47.2094768819897,591.12,0.34971689548798
1439,070214,b,51324.5476666667,25.7008250709397,627.113333333333,0.406609967196635
1440,070214,b,55846.9667,27.9654314972459,606.18,0.387559885690431
1445,070314,b,131381.447333333,65.7894077783342,610.18,0.332511982293166
1447,070314,b,56193.2506666667,28.1388335837089,626.793333333333,0.445143125636306
1450,070414,b,76927.7093333333,38.5216371223502,629.793333333333,0.418841983728787
1451,070414,b,166682.749,83.4665743615423,667.8,0.290350876865657
1452,070414,b,98492.385,49.3201727591387,639.136666666667,0.35187914036164
1453,070414,b,92607.1776666667,46.3731485561676,644.81,0.356637812819196
1454,070414,b,65743.893,32.9213284927391,599.083333333333,0.396179370309446
1455,070414,b,61553.22,30.8228442663996,653.096666666667,0.433020075858159
1458,070414,b,61022.232,30.5569514271407,643.406666666667,0.403661113047869
1459,070414,b,60121.785,30.106051577366,629.726666666667,0.414119344108844
1460,070414,b,112005.772333333,56.0870166917042,610.723333333333,0.336269305638148
1462,070414,b,75021.819,37.5672603905859,612.093333333333,0.37527399621441
1463,070414,b,57948.3926666667,29.0177229177099,661.473333333333,0.430425608480745
1464,070414,b,73897.2013333333,37.004106826907,610.723333333333,0.321297086659369
1466,070414,b,24535.4491,12.286153780671,660.713333333333,0.453494985222423
1472,070814,b,92222.808,46.1806750125188,625.706666666667,0.318814831143688
1473,070814,b,85781.2056666667,42.955035386413,667.8,0.358756436832226
1474,070814,b,132346.670666667,66.2727444500083,629.093333333333,0.314083210850375
1475,070814,b,78719.2041333333,39.4187301619095,615.813333333333,0.369366952257262
1476,070814,b,138415.316,69.3116254381572,607.143333333333,0.317916124579836
1477,070814,b,98824.5526666667,49.486506092472,644.8,0.339953570593902
1479,070814,b,71339.5752,35.7233726589885,634.11,0.356927391132808
1480,070814,b,103190.608,51.6728132198297,642.393333333333,0.317744641802113
1481,070814,b,114519.193333333,57.3456150893006,642.706666666667,0.30767862060076
1482,070814,b,133725.223666667,66.9630564179603,650.426666666667,0.29614923834984
1483,070814,b,97409.3246666667,48.7778290769488,610.18,0.347979112925255
1484,070814,b,88042.0296666667,44.0871455516608,643.726666666667,0.345028786612045
1485,070814,b,74205.5288666667,37.1585021866133,615.366666666667,0.396812887134299
1486,070814,b,132949.513,66.5746184276415,661.473333333333,0.317967224752333
1487,070814,b,124905.794666667,62.5467174094475,609.02,0.322138084533985
1488,070814,b,131805.712666667,66.0018591220164,634.123333333333,0.311247164400971
1489,070814,b,123708.035666667,61.9469382406944,661.473333333333,0.3286277106342
1490,070814,b,131941.267,66.0697381071607,626.163333333333,0.316870580913051
1491,070814,b,130539.236,65.3676695042564,644.166666666667,0.323254461719663
1492,070814,b,134412.3,67.307110665999,590.793333333333,0.303663395113101
1493,070914,b,122153.696666667,61.1686012351861,664.09,0.321318097282639
1494,070914,b,91817.8853,45.9779095142714,609.793333333333,0.358816545097229
1495,070914,b,107784.914366667,53.9734173092973,676.423333333333,0.306808199902924
1496,070914,b,137134.238666667,68.6701245201135,651.12,0.301707736931524
1497,070914,b,103024.484,51.5896264396595,644.106666666667,0.307317012793431
1498,071014,b,68689.1573333333,34.3961729260557,660.02,0.334491006876315
1499,071014,b,154056.522333333,77.1439771323652,668.423333333333,0.296169661973338
1500,071014,b,86960.8833333333,43.5457603071274,631.066666666667,0.325797686067187
1501,071014,b,80465.2353333333,40.2930572525455,643.726666666667,0.358741811378741
1502,071014,b,136014.024666667,68.1091760974795,661.16,0.319943789761958
1503,071014,b,113271.001333333,56.7205815389751,645.123333333333,0.320268758319732
1504,071014,b,116059.445,58.1168978467702,635.743333333333,0.334644948901307
1505,071514,b,58192.6083333333,29.1400141879486,662.1,0.451888807220943
1506,071714,b,88520.3363333333,44.3266581538975,666.1,0.341364769319803
1507,071714,b,92261.1303333333,46.1998649641128,623.056666666667,0.366343069404251
1508,071714,b,68520.4313333333,34.3116831914539,578.703333333333,0.412069423984109
1509,071714,b,74979.6743333333,37.5461564012686,591.18,0.369088805722771
1510,071714,b,66470.9279333333,33.2853920547488,638.06,0.39255359718871
1511,071714,b,36195.1056666667,18.1247399432482,680.786666666667,0.474201529798682
1512,071714,b,48196.8602666667,24.1346320814555,606.5,0.460096354296545
1513,071714,b,56382.0866666667,28.2333934234685,632.753333333333,0.406525422347604
1514,071714,b,59280.0026666667,29.6845281255216,663.093333333333,0.400539365932728
1515,071714,b,43868.574,21.9672378567852,634.056666666667,0.410222728594161
1268,061114,b,109840.602,55.0028052078117,603.793333333333,0.305838572940288
1271,061114,b,96201.658,48.1730886329494,667.04,0.332109708292287
1272,061114,b,112654.379,56.4118072108162,642.393333333333,0.335730234926908
1274,061114,b,107978.206,54.0702083124687,659.706666666667,0.319550392387477
1277,061114,b,121823.424,61.0032168252379,662.1,0.317537426532072
1285,061214,b,107568.874666667,53.8652351861125,610.18,0.310966308335167
1287,061214,b,130154.292666667,65.1749086963779,626.48,0.301166343674215
1288,061214,b,107139.26,53.6501051577366,614.733333333333,0.319061710732516
1293,061214,b,133438.001666667,66.8192296778501,610.18,0.305397078311109
1294,061214,b,123310.699666667,61.7479717910199,610.18,0.296293211387883
1298,061214,b,121211.204666667,60.6966473042898,592.053333333333,0.328892856595166
1303,061214,b,123068.899666667,61.6268901685862,639.796666666667,0.338421314497361
1304,061214,b,100464.761,50.3078422633951,604.76,0.352921712859646
1306,061214,b,98957.9686666667,49.5533143047905,628.773333333333,0.363738608695112
1307,061214,b,164182.564666667,82.2146042396929,613.84,0.296394229850681
1309,061214,b,108162.103666667,54.1622952762477,659.706666666667,0.305204655656802
1310,061214,b,96631.705,48.3884351527291,626.8,0.313454156123242
1314,062214,b,48972.6656,24.5231174762143,610.18,0.451881854363165
1317,062214,b,47747.3896333333,23.9095591553998,643.02,0.441412077067542
1330,062314,b,35511.0673333333,17.7822069771324,676.08,0.495235864900334
1340,062414,b,36089.1824333333,18.0716987648139,610.5,0.484631815299721
1341,062414,b,37159.7926,18.607808012018,668.056666666667,0.502455648848726
1348,062514,b,45490.2662666667,22.779302086463,626.406666666667,0.483899967358593
1349,062514,b,61864.595,30.9787656484727,633.82,0.423743818258527
1377,062914,b,59256.576,29.6727971957937,596.136666666667,0.442094220948417
1382,062914,b,89780.3506666667,44.9576117509598,590.793333333333,0.357898012504479
1383,062914,b,96007.478,48.0758527791687,601.156666666667,0.364919856604234
1397,063014,b,93509.9466666667,46.8252111500584,628.45,0.365023458201887
1398,063014,b,63554.6023333333,31.8250387247538,599.48,0.439826743628144
1403,063014,b,76649.322,38.3822343515273,592.793333333333,0.419591184947285
1404,063014,b,65335.0773333333,32.7166135870472,662.1,0.424102652453709
1405,063014,b,88306.0776666667,44.2193678851611,609.406666666667,0.340270552131714
1409,063014,b,40301.8560666667,20.181199833083,636.81,0.473130500642803
1411,063014,b,69156.8756666667,34.630383408446,627.433333333333,0.421070996395248
1413,070114,b,84977.6953333333,42.5526766816892,610.18,0.37449429894206
1414,070114,b,86114.8173333333,43.1220918043732,598.776666666667,0.354760020203946
1415,070114,b,52582.51,26.33075112669,630.74,0.458432660037607
1429,070214,b,53086.227,26.582987981973,643.02,0.465610359506868
1431,070214,b,50715.5123333333,25.395849941579,633.746666666667,0.457901817418101
1433,070214,b,88106.5763333333,44.1194673677182,614.43,0.395629220931135
1437,070214,b,101597.634,50.8751296945418,660.02,0.322431975081175
1441,070314,b,38875.512,19.466956434652,636.09,0.429843739253643
1442,070314,b,53999.7013333333,27.0404112835921,609.726666666667,0.458341968672787
1443,070314,b,38040.0182333333,19.0485819896511,660.02,0.497246474769531
1444,070314,b,84195.2733333333,42.1608779836421,594.396666666667,0.377975430811436
1446,070314,b,86265.5463333333,43.1975695209481,605.02,0.355569556428708
1448,070314,b,55939.8486666667,28.0119422467034,599.49,0.428565710573567
1449,070413,b,42748.9353333333,21.4065775329661,619.136666666667,0.449589357349106
1456,070414,b,100728.437333333,50.4398784843933,633.813333333333,0.339834159200078
1457,070414,b,65638.6603333333,32.8686331163412,609.793333333333,0.437084429341572
1461,070414,b,67013.0823333333,33.5568764813887,651.436666666667,0.416772747050161
1465,070414,b,31793.6714,15.9207167751627,642.706666666667,0.458371278500085
1467,070414,b,52218.9297666667,26.1486879152061,602.756666666667,0.434084241140858
1468,070414,b,28035.1991,14.0386575363045,619.42,0.489289475306742
1469,070414,b,36767.5254333333,18.4113797863462,626.793333333333,0.442996432862345
1470,070414,b,75962.0513333333,38.0380827908529,631.756666666667,0.346791350880265
1471,070414,b,86636.682,43.3834161241863,591.18,0.342180853508716
1499,071014,b,18320839.2466667,9133.02056164839,601.183,0.200046064770311
1267,061114,r,129114.288333333,64.6541253546987,661.473333333333,0.313780385215707
1269,061114,r,92168.5396666667,46.1535000834585,644.173333333333,0.344444680178782
1270,061114,r,129427.444,64.8109384076114,603.476666666667,0.325130913200884
1273,061114,r,116633.492333333,58.4043526957102,623.45,0.331796818342626
1275,061114,r,129597.566,64.8961271907862,666.1,0.310018563533643
1276,061114,r,132214.423333333,66.2065214488399,658.096666666667,0.319758168748117
1279,061114,r,119983.080333333,60.0816626606577,606.11,0.32357032029131
1280,061114,r,129167.726333333,64.6808844934068,610.18,0.30421983909331
1281,061114,r,111967.867333333,56.068035720247,615.06,0.356111225444178
1248,061214,r,119860.765333333,60.0204132865966,654.14,0.313212168114572
1282,061214,r,144553.082,72.385118678017,623.433333333333,0.296376127246197
1283,061214,r,108846.734666667,54.5051250208646,644.8,0.326405081959727
1286,061214,r,156231.543,78.2331211817727,644.37,0.307733083498294
1289,061214,r,131008.247666667,65.6025276247705,615.433333333333,0.305990407807458
1290,061214,r,114498.17,57.3350876314472,666.726666666667,0.322502340864094
1291,061214,r,108203.691666667,54.1831205141045,642.493333333333,0.333433655534585
1292,061214,r,122821.705333333,61.5031073276581,644.81,0.325793356655329
1297,061214,r,93656.2443333333,46.8984698714739,610.5,0.362878824182422
1299,061214,r,100926.916,50.5392669003505,661.16,0.32016395705506
1300,061214,r,76486.3493,38.3006255883826,648.42,0.333830657267895
1301,061214,r,108129.265,54.1458512769154,651.726666666667,0.33429108209751
1302,061214,r,140393.343,70.3021246870305,589.413333333333,0.305815976800218
1305,061214,r,130717.193,65.4567816725088,643.136666666667,0.332614526237215
1308,061214,r,153804.575666667,77.0178145551661,656.82,0.298287037499507
1311,061214,r,149473.258,74.8489023535303,661.16,0.313148100372971
1312,061214,r,125324.918333333,62.7565940577533,643.46,0.333424190754922
1295,061314,r,147906.732333333,74.0644628609581,649.8,0.300717051863919
1296,061314,r,110726.63,55.4464847270906,615.113333333333,0.331468090990808
1313,062214,r,95873.5273333333,48.0087768319145,677.43,0.357466963844524
1315,062214,r,75249.605,37.6813244867301,627.113333333333,0.445842413369897
1316,062214,r,48161.0513666667,24.116700734435,610.18,0.488793899949204
1318,062214,r,34817.1279333333,17.4347160407278,658.446666666667,0.509022175485617
1319,062314,r,29323.4534666667,14.6837523618761,693.02,0.534626969299748
1320,062314,r,25801.1209,12.9199403605408,671.47,0.501213403802906
1321,062314,r,44260.8576333333,22.1636743281589,617.736666666667,0.478098613639071
1322,062314,r,28698.7014333333,14.3709070772826,691.47,0.49619729927764
1323,062314,r,68481.9043333333,34.2923907527959,645.086666666667,0.41874853134019
1324,062314,r,39068.9429333333,19.5638171924553,660.4,0.434881742066288
1325,062314,r,58565.0463333333,29.3265129360708,591.783333333333,0.460471789757301
1326,062314,r,25416.2392666667,12.7272104490068,648.126666666667,0.501367948632555
1327,062314,r,36916.6521,18.486055132699,661.473333333333,0.494192032483684
1329,062314,r,51314.136,25.6956114171257,670.406666666667,0.424220345926666
1331,062314,r,47224.6603333333,23.6478018694709,616.823333333333,0.440664161803198
1332,062314,r,77811.01,38.9639509263896,659.353333333333,0.390618416477922
1333,062314,r,75084.2443333333,37.5985199465865,603.053333333333,0.403305190141623
1334,062314,r,40930.0347666667,20.4957610248706,610.5,0.46255158689774
1335,062314,r,53558.4246666667,26.8194414955767,648.77,0.43606754508329
1336,062314,r,57861.1683333333,28.9740452345184,609.406666666667,0.403269481146906
1337,062314,r,64636.322,32.3667110665999,639.74,0.417792830892053
1338,062314,r,35003.1342,17.5278588883325,650.743333333333,0.478023999062902
1366,062314,r,51752.7563333333,25.9152510432315,645.123333333333,0.469464004513523
1339,062414,r,125181.954333333,62.6850046736772,630.436666666667,0.324272200772306
1342,062414,r,60747.3296666667,30.4192937739943,605.726666666667,0.40962507787635
1343,062414,r,57103.035,28.5944091136705,626.793333333333,0.440302266155219
1344,062414,r,89963.6013333333,45.0493747287598,615.776666666667,0.362503529576096
1345,062514,r,73510.6803333333,36.8105560006677,629.426666666667,0.379724744244535
1346,062514,r,62178.7301666667,31.136069187114,558.743333333333,0.405346951493835
1347,062514,r,63143.1206666667,31.6189888165582,644.72,0.436770538344806
1350,062514,r,49899.1293333333,24.9870452345184,610.5,0.449735668554065
1351,062514,r,101774.627,50.9637591387081,651.413333333333,0.348551237035925
1352,062514,r,86000.987,43.0650911367051,619.126666666667,0.376866383627956
1353,062514,r,60228.261,30.1593695543315,614.746666666667,0.42749298924308
1354,062514,r,43412.032,21.7386239359039,610.82,0.450597985294552
1355,062514,r,83220.3206666667,41.6726693373393,661.16,0.392226295965447
1356,062514,r,33023.7073666667,16.5366586713403,653.41,0.48033280017861
1357,062514,r,42949.0543333333,21.5067873476882,661.786666666667,0.477581919269877
1358,062514,r,62409.6749,31.2517150225338,687.04,0.431242783134846
1359,062514,r,34553.9760666667,17.3029424470038,681.13,0.473841412492785
1360,062514,r,40620.0338333333,20.340527708229,610.5,0.469363195874698
1361,062714,r,56090.0643333333,28.0871629110332,610.82,0.416751810563199
1362,062714,r,63000.0183333333,31.5473301619095,610.18,0.437547113262357
1363,062814,r,144154.298333333,72.1854273076281,611.14,0.318691928623966
1364,062814,r,78199.43,39.1584526790185,610.82,0.406509906835392
1365,062814,r,32125.4937666667,16.086877199132,681.753333333333,0.453350063387669
1367,062814,r,53624.0503333333,26.8523036220998,630.45,0.444853590613212
1368,062814,r,46925.055,23.4977741612419,672.72,0.486557819698827
1369,062914,r,67341.55,33.7213570355533,592.756666666667,0.43502962862787
1370,062914,r,107796.457,53.9791972959439,630.8,0.324882864835471
1371,062914,r,71933.7606666667,36.0209117008847,668.423333333333,0.409402469116428
1372,062914,r,53100.5266666667,26.5901485561676,638.756666666667,0.47853281449556
1373,062914,r,63603.5986666667,31.8495736938741,592.14,0.429092405305518
1374,062914,r,43008.8306666667,21.5367204139543,657.81,0.475644760917945
1375,062914,r,65345.6173333333,32.7218915039225,599.433333333333,0.407624418613188
1376,062914,r,42937.4263666667,21.5009646302788,661.093333333333,0.473015881752669
1378,062914,r,47937.1368333333,24.004575279586,691.406666666667,0.465245309323805
1379,062914,r,88282.079,44.2073505257887,650.446666666667,0.399573410850869
1380,062914,r,64851.7443333333,32.4745840427308,622.02,0.418394899918849
1381,062914,r,66099.324,33.0993109664497,627.813333333333,0.439462697234942
1384,062914,r,48239.7333333333,24.1561008178935,666.37,0.45436157801832
1385,062914,r,56941.271,28.5134056084126,610.5,0.436473566589737
1386,062914,r,88636.085,44.3846194291437,610.82,0.391253025608382
1387,062914,r,60946.0913333333,30.5188239025204,623.133333333333,0.423564288643759
1388,062914,r,40005.3188,20.032708462694,651.423333333333,0.511544077988029
1389,062914,r,56005.8783,28.04500665999,638.4,0.464127686593527
1390,062914,r,57642.5123333333,28.8645529961609,660.02,0.472813953499609
1391,062914,r,64898.053,32.4977731597396,599.15,0.441596692458256
1392,062914,r,83257.9633333333,41.6915189450843,624.783333333333,0.38175661317882
1393,063014,r,75655.488,37.8845708562844,668.11,0.399137334677043
1394,063014,r,62029.551,31.061367551327,661.16,0.451360952994994
1395,063014,r,59409.6933333333,29.7494708729761,644.81,0.426301262770949
1396,063014,r,71508.153,35.8077881822734,641.393333333333,0.396063932763136
1399,063014,r,40500.9044333333,20.2808735269571,636.423333333333,0.492322790227495
1400,063014,r,104475.82,52.3163845768653,593.736666666667,0.357612762421467
1401,063014,r,97957.7513333333,49.052454348189,628.076666666667,0.368764640488473
1402,063014,r,40840.3483,20.4508504256385,651.116666666667,0.480772964579042
1408,063014,r,46133.8793333333,23.1015920547488,610.5,0.450985451562967
1410,063014,r,36250.2413333333,18.1523491904523,692.09,0.49460630732061
1406,070114,r,35336.3771666667,17.6947306793524,656.44,0.479602173743033
1407,070114,r,89184.89,44.6594341512268,618.4,0.393682665195136
1412,070114,r,147312.817333333,73.76705925555,661.786666666667,0.31558164065955
1416,070114,r,48691.9523333333,24.3825499916541,611.143333333333,0.467860494917238
1418,070114,r,29395.9640333333,14.7200621098314,652.123333333333,0.50678202127955
1419,070114,r,68878.5505,34.4910117676515,609.095,0.437187651383138
1420,070114,r,74017.395,37.0642939409114,689.35,0.380966417317769
1421,070114,r,52161.4471333333,26.1199034217994,633.796666666667,0.473634580656088
1422,070114,r,49823.9750666667,24.9494116508095,693.76,0.473579357225595
1423,070114,r,72911.7636666667,36.5106478050409,610.82,0.411614676478483
1424,070114,r,52390.7466666667,26.2347254214655,644.486666666667,0.445287867913342
1425,070114,r,67910.4976666667,34.0062582206643,610.5,0.418324476167869
1427,070114,r,50164.9316666667,25.120146052412,668.796666666667,0.456729220826274
1428,070214,r,52181.8524333333,26.1301213987648,612.46,0.491303617995697
1430,070214,r,87249.3603333333,43.6902154899015,636.126666666667,0.379515573486687
1432,070214,r,78095.3833333333,39.1063511934569,629.77,0.414154510992483
1434,070214,r,57052.2123333333,28.5689596060758,660.4,0.442284154620953
1435,070214,r,62549.9273333333,31.3219465865465,657.12,0.4642211268512
1436,070214,r,50644.1756666667,25.3601280253714,661.786666666667,0.46480855445036
1438,070214,r,85935.922,43.032509764647,599.17,0.377442556154354
1439,070214,r,36884.2192333333,18.4698143381739,610.5,0.469530638108699
1440,070214,r,60431.2208,30.2610019028543,597.743333333333,0.413201631398565
1445,070314,r,76724.2186666667,38.4197389417459,654.476666666667,0.385452227425065
1447,070314,r,46752.7396666667,23.4114870639292,626.793333333333,0.458282961634493
1450,070414,r,55763.293,27.9235317976965,661.096666666667,0.443823250138434
1451,070414,r,101976.035666667,51.0646147554665,626.793333333333,0.324486840754719
1452,070414,r,103087.589333333,51.6212265064263,615.82,0.338457137055029
1453,070414,r,76319.1643333333,38.2169075279586,672.07,0.389139392440134
1454,070414,r,51585.2116666667,25.8313528626273,647.446666666667,0.45024016098063
1455,070414,r,48481.3756666667,24.2771034885662,661.16,0.46046416435298
1458,070414,r,72160.6526666667,36.1345281255216,635.81,0.404257041259705
1459,070414,r,55236.9613333333,27.6599706226006,646.433333333333,0.441805026107645
1460,070414,r,111614.988333333,55.8913311634118,620.77,0.329140445082961
1462,070414,r,66236.2243333333,33.1678639626106,637.793333333333,0.401422952585089
1463,070414,r,39043.012,19.5508322483726,643.406666666667,0.492053150827646
1464,070414,r,40154.1238,20.1072227341011,679.76,0.476574328628414
1466,070414,r,38544.7016666667,19.3013027875146,668.11,0.440482825072244
1472,070814,r,118573.042333333,59.3755845434819,609.793333333333,0.319512660043729
1473,070814,r,95052.9646666667,47.5978791520614,661.786666666667,0.384161338059159
1474,070814,r,103723.175333333,51.9394969120347,661.786666666667,0.358746407522513
1475,070814,r,92727.1286666667,46.4332141545652,571.1,0.3855541948058
1476,070814,r,100815.149333333,50.4832996160908,598.446666666667,0.363740167495984
1477,070814,r,112085.497333333,56.1269390752796,644.106666666667,0.366628745990362
1479,070814,r,91522.0253333333,45.8297573026206,635.43,0.346869191469793
1480,070814,r,100670.371666667,50.4108020363879,625.706666666667,0.359336517100621
1481,070814,r,111724.345333333,55.9460918043732,626.093333333333,0.329408253472719
1482,070814,r,127281.422666667,63.7363158070439,620.72,0.333840121601137
1483,070814,r,86406.895,43.2683500250376,626.793333333333,0.348622021895613
1484,070814,r,88183.0113333333,44.1577422800868,619.136666666667,0.369991341316107
1485,070814,r,60191.4724,30.1409476214321,600.373333333333,0.435482436994643
1486,070814,r,144894.118,72.5558928392589,661.786666666667,0.321326090121002
1487,070814,r,120317.724666667,60.2492361876148,630.813333333333,0.340943348617747
1488,070814,r,106763.317,53.4618512769154,639.726666666667,0.362259414428764
1489,070814,r,161527.836666667,80.8852462026373,662.1,0.302859773525708
1490,070814,r,128798.212666667,64.4958501084961,610.18,0.311567602543974
1491,070814,r,69577.5996666667,34.8410614254715,662.1,0.433253153196666
1492,070814,r,132028.744,66.1135423134702,583.1,0.322028489581421
1493,070914,r,125251.157666667,62.7196583208146,690.786666666667,0.328208084621617
1494,070914,r,118217.766666667,59.197679853113,607.503333333333,0.331195664985634
1495,070914,r,58563.8787333333,29.3259282590552,608.106666666667,0.376768526091008
1496,070914,r,167051.203333333,83.6510782840928,661.473333333333,0.296766907797427
1497,070914,r,133023.633,66.6117341011517,660.713333333333,0.313504842408952
1498,071014,r,120150.622666667,60.1655596728426,643.726666666667,0.33653723203649
1499,071014,r,153535.751333333,76.8832004673677,668.736666666667,0.300898857124738
1500,071014,r,118777.694333333,59.4780642630613,679.376666666667,0.331422798871563
1501,071014,r,62280.5363333333,31.1870487397763,660.02,0.394954562380761
1502,071014,r,117451.809,58.8141256885328,661.473333333333,0.332550932342756
1503,071014,r,121080.856333333,60.6313752295109,668.736666666667,0.331020802206078
1504,071014,r,80236.608,40.1785718577867,625.496666666667,0.411429599304158
1505,071514,r,60785.3343333333,30.4383246536471,678.733333333333,0.413867637640199
1506,071714,r,44704.492,22.3858247371057,657.41,0.457994001553498
1507,071714,r,74171.8486666667,37.1416367885161,623.056666666667,0.434183696223615
1508,071714,r,53330.284,26.7051997996995,606.433333333333,0.452884633412302
1509,071714,r,60145.4633333333,30.1179085294609,609.793333333333,0.436501865295661
1510,071714,r,41745.4005333333,20.9040563511935,654.406666666667,0.449574148448951
1511,071714,r,35504.5922,17.7789645468202,679.376666666667,0.497709705705532
1512,071714,r,32732.2888666667,16.390730529127,679.066666666667,0.50446813143469
1513,071714,r,45428.5816666667,22.7484134535136,634.133333333333,0.453732094551184
1514,071714,r,40530.5009333333,20.2956940076782,691.16,0.479142954074172
1515,071714,r,43795.1293333333,21.9304603572025,609.793333333333,0.434526156994126
1268,061114,r,96904.6506666667,48.5251130028376,575.843333333333,0.368963968725769
1271,061114,r,111139.308,55.6531337005508,659.393333333333,0.317694923285144
1272,061114,r,112688.001,56.4286434651978,659.706666666667,0.339405600357635
1274,061114,r,137332.732333333,68.7695204473377,649.726666666667,0.294346881259843
1277,061114,r,141159.309333333,70.6856831914538,645.436666666667,0.310745872199713
1278,061114,r,128611.126333333,64.4021664162911,615.753333333333,0.318034856307728
1285,061214,r,131049.040333333,65.6229545985645,610.18,0.312848956002244
1287,061214,r,138777.666,69.4930726089134,656.073333333333,0.318625356247406
1288,061214,r,100642.385333333,50.3967878484393,643.093333333333,0.306152934211609
1293,061214,r,110077.517333333,55.1214408279085,646.11,0.331661019580237
1294,061214,r,137265.204333333,68.7357057252545,629.426666666667,0.313335023718322
1298,061214,r,125173.38,62.6807110665999,623.456666666667,0.312883162126439
1303,061214,r,111518.135333333,55.8428319145385,644.81,0.370896925026326
1304,061214,r,107141.147,53.6510500751127,616.103333333333,0.375863337459823
1306,061214,r,115314.696666667,57.743964279753,668.736666666667,0.336048578852735
1307,061214,r,112102.404666667,56.1354054414956,610.82,0.341392376692328
1309,061214,r,134378.387,67.2901286930396,644.436666666667,0.29951234192003
1310,061214,r,157478.138333333,78.8573551994659,613.133333333333,0.301307762301922
1314,062214,r,39964.8383333333,20.0124378234018,642.036666666667,0.502435644819374
1317,062214,r,60242.871,30.1666855282924,643.406666666667,0.445278424207513
1330,062314,r,33038.0945666667,16.5438630779503,649.413333333333,0.502703719603704
1340,062414,r,32567.3487666667,16.3081365882157,627.106666666667,0.486087856778091
1341,062414,r,35293.4336333333,17.6732266566516,636.406666666667,0.527610432250225
1348,062514,r,66312.531,33.2060746119179,659.706666666667,0.445842412336624
1349,062514,r,56538.129,28.3115317976965,610.18,0.446930051810071
1377,062914,r,60967.6343333333,30.5296115840427,629.8,0.454495122954898
1382,062914,r,68952.9996666667,34.5282922717409,610.18,0.453235229733691
1383,062914,r,104618.310666667,52.3877369387414,600.83,0.367906233721054
1397,063014,r,72765.6366666667,36.4374745451511,661.406666666667,0.407010276702897
1398,063014,r,46263.861,23.1666805207812,610.5,0.473973837847394
1403,063014,r,67422.4193333333,33.7618524453347,596.136666666667,0.46859093977275
1404,063014,r,55747.9833333333,27.915865464864,645.436666666667,0.439792278651403
1405,063014,r,86987.444,43.5590605908863,635.116666666667,0.363209877512001
1409,063014,r,35225.7425666667,17.6393302787515,610.5,0.495987583169172
1411,063014,r,48356.5518333333,24.2145978133867,633.813333333333,0.480644017868272
1413,070114,r,70015.3233333333,35.0602520447338,599.82,0.415913052546616
1414,070114,r,58705.957,29.3970741111667,598.12,0.411950559655997
1415,070114,r,49826.2523333333,24.9505519946587,623.14,0.472819026982349
1429,070214,r,47511.8343333333,23.791604573527,667.42,0.457112222332589
1431,070214,r,43135.1503333333,21.5999751293607,674.44,0.469079749153625
1433,070214,r,62421.5453333333,31.2576591553998,672.43,0.440758230266358
1437,070214,r,86374.657,43.2522068102153,633.426666666667,0.363655032145898
1441,070314,r,47591.132,23.8313129694542,610.82,0.479470728858194
1442,070314,r,56080.288,28.0822674011017,613.766666666667,0.450741555135977
1443,070314,r,42741.2223333333,21.402715239526,659.393333333333,0.460436556470784
1444,070314,r,62780.778,31.437545317977,649.393333333333,0.410660604503149
1446,070314,r,59336.7413333333,29.7129400767818,626.406666666667,0.42240033676313
1448,070314,r,45281.716,22.6748703054582,642.77,0.491196405342155
1449,070413,r,50604.9623333333,25.3404919045235,609.406666666667,0.455836222854474
1456,070414,r,121738.912666667,60.9608976798531,575.19,0.3348253539779
1457,070414,r,55291.5636666667,27.6873128025371,610.5,0.426797791506082
1461,070414,r,41502.6443333333,20.7824959105325,609.02,0.461758305617254
1465,070414,r,46902.252,23.4863555332999,643.406666666667,0.433560853112094
1467,070414,r,59518.4973333333,29.8039545985645,602.046666666667,0.42045052511318
1468,070414,r,32784.6229,16.4169368552829,669.78,0.503225757050499
1469,070414,r,55563.6387333333,27.8235546987147,633.453333333333,0.485618132060177
1470,070414,r,61329.0233333333,30.7105775329661,616.783333333333,0.448735103832782
1471,070414,r,79998.292,40.0592348522784,567.073333333333,0.388386213636519
1499,071014,r,19031795.5433333,9487.43546527085,601.183,0.200881907034862
1267,061114,t,44788.1591333333,22.4277211483893,674.753333333333,0.465979621053143
1269,061114,t,21005.7548333333,10.5186553997663,651.07,0.469671317373615
1270,061114,t,29272.4692,14.6582219328993,643.786666666667,0.460589051799741
1273,061114,t,23494.1289666667,11.7647115506593,688.113333333333,0.531952103124769
1275,061114,t,28753.5495666667,14.3983723418461,642.393333333333,0.471171524719274
1276,061114,t,17200.9433333333,8.61339175429811,685.123333333333,0.504290401524865
1279,061114,t,23725.4355,11.8805385578368,665.703333333333,0.557265038779058
1280,061114,t,29861.1055333333,14.9529822400267,682.743333333333,0.498040072207316
1281,061114,t,23759.473,11.8975828743115,644.056666666667,0.550125296982825
1248,061214,t,32125.9340333333,16.0870976631614,669.11,0.503366402377492
1282,061214,t,27900.2382666667,13.9710757469538,685.11,0.507318808260993
1283,061214,t,46832.755,23.4515548322484,645.113333333333,0.480753989816236
1286,061214,t,49015.4706666667,24.5445521615757,660.02,0.419897255544882
1289,061214,t,18445.3802333333,9.23654493406777,679.44,0.535026622674363
1290,061214,t,30622.1903666667,15.3340963278251,659.393333333333,0.509689747734362
1291,061214,t,17861.1736666667,8.94400283758972,674.73,0.545799490774203
1292,061214,t,25798.0632666667,12.9184092472041,653.436666666667,0.510676137944167
1297,061214,t,40133.1443333333,20.0967172425305,611.14,0.438338792661029
1299,061214,t,29819.4080333333,14.9321021699215,677.046666666667,0.490338607317137
1300,061214,t,19830.9651,9.93037811717577,680.786666666667,0.503107360737017
1301,061214,t,26824.6337333333,13.4324655650142,670.4,0.498820180030062
1302,061214,t,17647.1078666667,8.83680914705391,693.76,0.527137376517583
1305,061214,t,19731.096,9.88036855282924,686.43,0.492259561090883
1308,061214,t,26130.0882666667,13.0846711400434,677.116666666667,0.505398107296097
1311,061214,t,33598.2350333333,16.8243540477383,660.02,0.452040567635079
1312,061214,t,28377.9924666667,14.2103117008847,687.04,0.517588248851662
1295,061314,t,37660.2629333333,18.8584190953096,663.076666666667,0.474748580223304
1296,061314,t,20497.4317,10.264112018027,656.72,0.535439711477381
1313,062214,t,45984.079,23.0265793690536,661.093333333333,0.45928831013653
1315,062214,t,29398.3425333333,14.7212531463862,626.793333333333,0.481947791403902
1316,062214,t,30003.5429666667,15.0243079452512,659.393333333333,0.429154983700691
1318,062214,t,35122.8353333333,17.5877993657152,645.113333333333,0.483544016208593
1319,062314,t,24567.9174,12.3024123184777,681.06,0.515323361309944
1320,062314,t,20293.8661666667,10.1621763478551,677.113333333333,0.495163472913001
1321,062314,t,19734.9355666667,9.88229122016358,648.426666666667,0.506985156551348
1322,062314,t,22726.7748666667,11.3804581205141,692.09,0.479117289077904
1323,062314,t,27677.8260666667,13.8597025872142,610.18,0.496682222169314
1324,062314,t,35973.6447666667,18.0138431480554,661.16,0.469143530135146
1325,062314,t,25646.0591333333,12.8422930061759,660.02,0.515809460938932
1326,062314,t,22903.9491333333,11.4691783341679,679.793333333333,0.5019291893293
1327,062314,t,18202.9146333333,9.11513001168419,671.1,0.509103967581141
1329,062314,t,28590.0631333333,14.3165063261559,672.093333333333,0.483421835808904
1331,062314,t,28674.5741333333,14.3588253046236,675.103333333333,0.46822045553177
1332,062314,t,40961.4771666667,20.5115058420965,665.09,0.480693445366672
1333,062314,t,33275.2420333333,16.6626149390753,636.49,0.476298331397135
1334,062314,t,29111.8295666667,14.5777814555166,635.043333333333,0.466652076941487
1335,062314,t,29223.8798666667,14.6338907694876,688.476666666667,0.487049152338856
1336,062314,t,20874.6397333333,10.4529993657152,626.793333333333,0.455325762407565
1337,062314,t,24739.027,12.3880956434652,636.8,0.484223040901838
1338,062314,t,25742.9760333333,12.8908242530462,626.793333333333,0.453329799798205
1366,062314,t,35810.3252,17.9320606910366,661.406666666667,0.499635964750684
1339,062414,t,25404.5691333333,12.7213666165916,652.79,0.479901873973489
1342,062414,t,28109.0045333333,14.075615690202,650.746666666667,0.472905791221285
1343,062414,t,31419.0751333333,15.7331372725755,610.18,0.44444081069764
1344,062414,t,28563.9992,14.3034547821733,609.793333333333,0.474012934556495
1345,062514,t,44712.2613333333,22.389715239526,610.18,0.410370249382733
1346,062514,t,22845.0364,11.4396777165749,661.716666666667,0.529561058033719
1347,062514,t,45780.6639,22.9247190285428,656.426666666667,0.436154074409754
1350,062514,t,33607.6647666667,16.8290759973293,636.176666666667,0.441204355783704
1351,062514,t,34783.0552,17.4176540811217,692.71,0.487671442658209
1352,062514,t,38675.6573333333,19.3668789851444,643.093333333333,0.446372621500086
1353,062514,t,20880.7143666667,10.4560412452011,650.426666666667,0.471174045067516
1354,062514,t,35927.5369333333,17.9907545985645,610.82,0.463285671956077
1355,062514,t,35776.3287333333,17.9150369220497,668.043333333333,0.477699114658254
1356,062514,t,26576.8077,13.3083663995994,643.1,0.455611386989388
1357,062514,t,24727.7196,12.3824334501753,667.35,0.485236610137019
1358,062514,t,16219.0848666667,8.12172502086463,678.076666666667,0.508327733807374
1359,062514,t,21490.8335666667,10.7615591220164,676.39,0.501389638536377
1360,062514,t,28975.6208666667,14.5095747955266,626.793333333333,0.454330437403854
1361,062714,t,41858.3803333333,20.9606311133367,610.5,0.448557683965921
1362,062714,t,24898.9452333333,12.4681748789851,650.423333333333,0.462008075711241
1363,062814,t,44424.8694666667,22.2458034384911,650.433333333333,0.422065298435632
1364,062814,t,28267.6584,14.155061792689,611.14,0.48723896082686
1365,062814,t,18351.2160666667,9.18939212151561,638.483333333333,0.498564351114216
1367,062814,t,23211.3718333333,11.623120597563,677.116666666667,0.514184395024612
1368,062814,t,33276.1261333333,16.6630576531464,682.373333333333,0.447528783454486
1369,062914,t,32033.4172666667,16.0407697880154,689.42,0.463831707113252
1370,062914,t,26993.6814333333,13.5171163912535,667.76,0.504788031763946
1371,062914,t,32402.61145,16.2256441912869,666.8425,0.513493456957627
1372,062914,t,16315.6646333333,8.17008744783842,671.103333333333,0.530122492447292
1373,062914,t,44141.1863333333,22.1037487898514,598.826666666667,0.452402144208867
1374,062914,t,25078.2643666667,12.5579691370389,627.113333333333,0.493544521920032
1375,062914,t,22457.3534,11.2455450175263,610.18,0.49435459273854
1376,062914,t,28672.1892,14.3576310465699,661.093333333333,0.479908733098919
1378,062914,t,22083.0112333333,11.0580927558004,674.396666666667,0.504334025079775
1379,062914,t,33029.3982333333,16.5395083792355,660.4,0.484036468545348
1380,062914,t,28889.6179333333,14.4665087297613,643.726666666667,0.455683436213266
1381,062914,t,20638.5305666667,10.3347674344851,676.803333333333,0.540676685328306
1384,062914,t,35112.5367,17.5826423134702,647.733333333333,0.436863709944274
1385,062914,t,30629.8109,15.3379123184777,650.426666666667,0.482162565139054
1386,062914,t,17356.5200666667,8.69129697880154,666.413333333333,0.467461069543182
1387,062914,t,29356.1294,14.7001148723085,659.08,0.497323650924945
1388,062914,t,20259.0090666667,10.144721615757,682.713333333333,0.506666098164652
1389,062914,t,19638.5234666667,9.83401275246203,676.733333333333,0.520883525531404
1390,062914,t,27722.1083333333,13.8818769821399,660.02,0.482311188386845
1391,062914,t,37513.3938,18.784874211317,691.096666666667,0.466355473356847
1392,062914,t,45485.5416666667,22.7769362376899,610.5,0.429956403411864
1393,063014,t,26050.8396,13.0449872809214,660.4,0.493546258179387
1394,063014,t,36061.6787666667,18.0579262727424,668.423333333333,0.486302567835351
1395,063014,t,18522.2569,9.27504101151728,661.786666666667,0.528970143557507
1396,063014,t,27099.8955333333,13.5703032214989,687.8,0.512252165312995
1399,063014,t,18038.4633666667,9.03278085461526,660.02,0.519830230191244
1400,063014,t,47854.878,23.9633840761142,605.793333333333,0.468414158163156
1401,063014,t,27433.1858666667,13.7371987314305,642.393333333333,0.50610204875149
1402,063014,t,33342.5017,16.6962952929394,655.14,0.474140495512197
1408,063014,t,22540.0318,11.2869463194792,643.093333333333,0.485450023111744
1410,063014,t,22683.1516666667,11.3586137539643,680.726666666667,0.480724915340983
1406,070114,t,14993.7492,7.50813680520781,689.106666666667,0.509407215444751
1407,070114,t,26041.1912,13.0401558337506,681.123333333333,0.495195933686179
1412,070114,t,33683.1803666667,16.866890519112,668.796666666667,0.493825950721342
1416,070114,t,27924.20545,13.9830773410115,665.015,0.47847057347438
1418,070114,t,18217.6778666667,9.12252271740945,693.39,0.516174900840309
1419,070114,t,64730.0696666667,32.4136553163078,630.81,0.399879946775597
1420,070114,t,38289.602,19.173561342013,689.723333333333,0.449616049648034
1421,070114,t,28982.0779333333,14.5128081789351,637.506666666667,0.494244843396794
1422,070114,t,26604.7681333333,13.3223676180938,693.39,0.506764956390418
1423,070114,t,23532.7206333333,11.7840363712235,643.406666666667,0.472158214369476
1424,070114,t,31479.4575,15.7633738107161,676.736666666667,0.448312153003482
1425,070114,t,28009.5775666667,14.0258275246203,627.113333333333,0.47165639485723
1427,070114,t,26003.7611333333,13.0214126856952,680.416666666667,0.487414188387177
1428,070214,t,52886.6105666667,26.4830298280754,645.106666666667,0.461471187385781
1430,070214,t,17215.2671666667,8.6205644299783,688.17,0.510440842128602
1432,070214,t,27495.6231,13.7684642463696,643.02,0.497155204712709
1434,070214,t,40253.5973333333,20.1570342179937,674.37,0.396768999420776
1435,070214,t,21739.4698333333,10.8860640126857,682.403333333333,0.491669921761997
1436,070214,t,23705.5235333333,11.8705676180938,678.426666666667,0.494649039838208
1438,070214,t,25070.8462666667,12.554254515106,659.81,0.474946295349429
1439,070214,t,25725.8202666667,12.8822334835587,610.18,0.462422433641292
1440,070214,t,25695.8417333333,12.8672216992155,685.42,0.533476198225786
1445,070314,t,29634.1554666667,14.839336738441,676.733333333333,0.491386439112622
1447,070314,t,24984.3127333333,12.5109227507929,610.18,0.476762473231306
1450,070414,t,21261.4396,10.6466898347521,682.09,0.501723823791952
1451,070414,t,37423.7978333333,18.7400089300618,687.736666666667,0.474270488155152
1452,070414,t,37562.8839666667,18.8096564680354,626.793333333333,0.453676200233072
1453,070414,t,25677.0002,12.8577867801703,671.78,0.47090918389618
1454,070414,t,18875.4539333333,9.45190482390252,660.02,0.497370990907565
1455,070414,t,24583.0742333333,12.3100021198464,667.04,0.493428624009555
1458,070414,t,20335.1348666667,10.1828416958771,661.093333333333,0.488419822395234
1459,070414,t,28673.2985666667,14.3581865631781,686.04,0.48081276661451
1460,070414,t,32980.5768333333,16.5150610081789,610.433333333333,0.484616401933216
1462,070414,t,26421.7443666667,13.2307182607244,644.423333333333,0.457062746360669
1463,070414,t,33869.0261666667,16.9599530128526,660.4,0.442832036979625
1464,070414,t,40328.0486666667,20.1943158070439,693.02,0.4584678814179
1466,070414,t,19839.5146333333,9.9346593056251,660.02,0.493328458555706
1472,070814,t,41687.8706666667,20.8752482056418,619.136666666667,0.462384435842076
1473,070814,t,34216.9252666667,17.1341638791521,667.733333333333,0.465934020325717
1474,070814,t,24619.2688333333,12.3281266065765,660.713333333333,0.51657328942898
1475,070814,t,25754.9522,12.896821331998,676.816666666667,0.492576859838893
1476,070814,t,31834.5678,15.9411956935403,643.793333333333,0.463981738781968
1477,070814,t,23961.1712,11.9985834752128,660.02,0.485545068711493
1479,070814,t,27556.4968,13.7989468202303,690.413333333333,0.499095347564542
1480,070814,t,28890.6893,14.4670452178267,660.4,0.452306800422259
1481,070814,t,26317.3157333333,13.1784255049241,650.113333333333,0.462384419748689
1482,070814,t,29687.5366666667,14.8660674344851,626.48,0.465021725660654
1483,070814,t,29938.6707666667,14.9918231180104,691.78,0.499109354472278
1484,070814,t,22655.9916666667,11.3450133533634,670.026666666667,0.509171242275449
1485,070814,t,31125.6487333333,15.5862036721749,661.403333333333,0.52562091192877
1486,070814,t,27213.7295333333,13.6273057252545,661.786666666667,0.485357698622523
1487,070814,t,26854.2247333333,13.4472832916041,672.113333333333,0.522032460849417
1488,070814,t,26468.0994,13.2539305958938,682.073333333333,0.512620278973772
1489,070814,t,50217.424,25.1464316474712,661.16,0.438091031298155
1490,070814,t,41076.1507666667,20.5689287764981,627.173333333333,0.459133631585437
1491,070814,t,31977.1253666667,16.0125815556668,669.423333333333,0.511109546405505
1492,070814,t,25561.6585,12.8000292939409,652.79,0.476333273047535
1493,070914,t,41828.1576666667,20.9454970789518,691.096666666667,0.441778755398317
1494,070914,t,33076.7787666667,16.5632342346854,658.433333333333,0.495042221554704
1495,070914,t,15857.3071,7.94056439659489,671.1,0.506036371902983
1496,070914,t,60788.3326666667,30.439826072442,662.1,0.414113215918097
1497,070914,t,34494.7002333333,17.2732600066767,660.02,0.471548427817519
1498,071014,t,34659.8795666667,17.3559737439493,661.093333333333,0.452841327634231
1499,071014,t,36492.4502,18.27363555333,675.06,0.501975762785372
1500,071014,t,33282.4835333333,16.6662411283592,626.113333333333,0.473508405067113
1501,071014,t,28082.4297333333,14.0623083291604,660.02,0.47712572523809
1502,071014,t,39112.333,19.5855448172258,662.1,0.462387117042725
1503,071014,t,37995.3932666667,19.0262359873143,672.406666666667,0.474057851038464
1504,071014,t,27483.4582666667,13.7623726923719,671.766666666667,0.510114887042685
1505,071514,t,33759.5543666667,16.9051348856618,668.426666666667,0.459293841472047
1506,071714,t,52440.114,26.2594461692539,654.44,0.37396371318994
1507,071714,t,49313.5049666667,24.693793173093,637.096666666667,0.438028821597644
1508,071714,t,55060.833,27.5717741612419,606.82,0.407072150263632
1509,071714,t,39324.288,19.6916815222834,627.113333333333,0.474820565494225
1510,071714,t,33815.6281,16.9332138708062,679.06,0.484308713377046
1511,071714,t,22716.4759666667,11.3753009347354,661.073333333333,0.509292846061504
1512,071714,t,18755.5356666667,9.39185561675847,687.053333333333,0.534613232484461
1513,071714,t,31761.4559333333,15.9045848439326,610.113333333333,0.469213830322814
1514,071714,t,21758.1535,10.8954198798197,691.47,0.49866265174796
1515,071714,t,24041.6648,12.0388907361042,610.18,0.467245476130168
1268,061114,t,39225.335,19.6421306960441,598.13,0.432205554787849
1271,061114,t,41179.0353333333,20.6204483391754,610.82,0.475905386691609
1272,061114,t,25806.8875666667,12.9228280253714,660.02,0.505662634427611
1274,061114,t,35633.0195666667,17.8432746953764,667.04,0.49495123242996
1277,061114,t,37133.1109666667,18.5944471540644,628.13,0.469346761763385
1278,061114,t,46666.329,23.3682168252379,625.1,0.393847233164671
1285,061214,t,30569.0373666667,15.3074799031881,627.113333333333,0.500856390496654
1287,061214,t,30836.5373666667,15.4414308295777,666.1,0.519390504605542
1288,061214,t,17550.3079666667,8.78833648806543,665.113333333333,0.530127350550596
1293,061214,t,37534.4463333333,18.7954162911033,610.18,0.463092261647007
1294,061214,t,30564.4803,15.3051979469204,610.18,0.504222522329935
1298,061214,t,25022.1738,12.5298817225839,691.406666666667,0.482063970247487
1303,061214,t,26171.2405,13.1052781672509,668.426666666667,0.504856827637248
1304,061214,t,17056.5315666667,8.54107739943248,665.4,0.543256224998305
1306,061214,t,21228.9665,10.63042889334,678.113333333333,0.50160912485509
1307,061214,t,42242.453,21.1529559339009,637.13,0.447436947008497
1309,061214,t,23350.5950666667,11.6928367885161,656.113333333333,0.50829280260579
1310,061214,t,29673.6712333333,14.8591243031213,660.123333333333,0.506872595672034
1314,062214,t,32094.2088666667,16.0712112502086,627.806666666667,0.496097502938672
1317,062214,t,17970.6969666667,8.99884675346353,666.726666666667,0.493754111113845
1330,062314,t,24315.2709333333,12.1758993156401,657.146666666667,0.513898029553754
1340,062414,t,42103.1453,21.0831974461693,632.81,0.446033075146379
1341,062414,t,16089.3714333333,8.05677087297613,669.82,0.520959500236122
1348,062514,t,32966.3281333333,16.5079259556001,667.42,0.479300720187216
1349,062514,t,30021.7693666667,15.0334348355867,689.166666666667,0.483556354526641
1377,062914,t,26919.4252333333,13.4799325154398,667.773333333333,0.51731576856974
1382,062914,t,42094.804,21.0790205307962,652.396666666667,0.427578240412122
1383,062914,t,33661.1393,16.8558534301452,636.49,0.467859264165856
1397,063014,t,22313.3904,11.1734553830746,688.796666666667,0.484120232551908
1398,063014,t,38588.9469333333,19.3234586546486,636.49,0.47806299034136
1403,063014,t,31995.5478666667,16.0218066432983,659.453333333333,0.475470864088326
1404,063014,t,29762.5857,14.9036483224837,678.426666666667,0.474022592547302
1405,063014,t,25887.4670333333,12.9631782840928,670.096666666667,0.479417219238311
1409,063014,t,21662.9343,10.8477387581372,636.49,0.481990329345103
1411,063014,t,26669.2218666667,13.3546428976799,650.746666666667,0.506462265598467
1413,070114,t,24307.253,12.1718843264897,636.49,0.486346266041392
1414,070114,t,35175.3275666667,17.6140849106994,610.5,0.442950422703779
1415,070114,t,18473.5557,9.25065383074612,683.443333333333,0.494460369182385
1416,070114,t,33770.833,16.910782674011,689.11,0.45459974292017
1429,070214,t,30639.9319,15.3429804206309,643.093333333333,0.493488793411023
1431,070214,t,29828.3865,14.9365981472208,627.433333333333,0.465237920903851
1433,070214,t,31278.5824,15.6627853780671,610.82,0.492549510908948
1437,070214,t,21062.6303,10.5471358537807,643.406666666667,0.47150837669135
1441,070314,t,29761.3457,14.9030273910866,662.176666666667,0.456799902206982
1442,070314,t,22278.4870666667,11.1559774995827,673.113333333333,0.475838476155701
1443,070314,t,19046.6369666667,9.53762492071441,652.106666666667,0.474338645942407
1444,070314,t,22503.57,11.2686880320481,653.17,0.465599201902167
1446,070314,t,23405.4589333333,11.720309931564,672.12,0.503728379011522
1448,070314,t,18366.2362333333,9.19691348689701,650.806666666667,0.481662269802894
1449,070413,t,23014.8810666667,11.5247276247705,609.406666666667,0.511439479302745
1456,070414,t,28055.4081333333,14.0487772325154,666.413333333333,0.488667571668189
1457,070414,t,21552.3697333333,10.7923734268069,666.726666666667,0.447305214562871
1461,070414,t,35319.5126,17.6862857285929,651.436666666667,0.458646423554838
1465,070414,t,26255.1474333333,13.1472946586546,643.093333333333,0.476490380304061
1467,070414,t,36347.4121,18.201007561342,637.046666666667,0.459762669158716
1468,070414,t,22714.2911,11.3742068602904,665.756666666667,0.507409978835494
1469,070414,t,22760.0609,11.3971261392088,681.1,0.49728610307243
1470,070414,t,24421.4503333333,12.2290687698214,679.73,0.516259008001645
1471,070414,t,27076.8255666667,13.5587509096979,675.773333333333,0.513091790335302
1499,071014,t,6322762.44333333,3151.92544533067,632.174666666667,0.311712357526887
1267,061114,v,118480.434333333,59.3292109831414,661.786666666667,0.331310047959765
1269,061114,v,90495.968,45.3159579369054,642.706666666667,0.352003031278053
1270,061114,v,71285.705,35.6963970956435,626.793333333333,0.338449115610843
1273,061114,v,105368.648,52.7634692038057,586.076666666667,0.339238916980499
1275,061114,v,112841.37,56.5054431647471,659.706666666667,0.318672163785394
1276,061114,v,103709.768666667,51.9327835085962,627.756666666667,0.342643861572943
1279,061114,v,78034.2276666667,39.07572742447,602.11,0.377938990603342
1280,061114,v,115537.438333333,57.8555024202971,605.793333333333,0.320556612046351
1281,061114,v,52061.0518666667,26.0696303789017,629.096666666667,0.439196554325449
1248,061214,v,122599.686333333,61.3919310632616,611.786666666667,0.326292627176255
1282,061214,v,115804.332,57.9891497245869,685.433333333333,0.2974213012349
1283,061214,v,62744.7243333333,31.4194914037723,661.473333333333,0.353382408349993
1286,061214,v,115282.524333333,57.7278539475881,655.44,0.327172680215327
1289,061214,v,108913.465666667,54.5385406442998,632.726666666667,0.320314810642247
1290,061214,v,100576.096333333,50.3635935570022,626.48,0.341940822522559
1291,061214,v,96656.857,48.4010300450676,675.803333333333,0.332515010799413
1292,061214,v,90421.3306666667,45.2785832081456,644.8,0.353753300788515
1297,061214,v,62643.537,31.3688217325989,599.17,0.410252095803429
1299,061214,v,76004.406,38.0592919379069,644.486666666667,0.428460516160254
1300,061214,v,69615.313,34.8599464196294,642.706666666667,0.406678185715796
1301,061214,v,55435.4397,27.7593588883325,626.793333333333,0.426596905108033
1302,061214,v,86969.471,43.5500605908863,636.81,0.375682685750474
1305,061214,v,116617.259,58.3962238357536,667.8,0.329674268975011
1308,061214,v,121783.062,60.9830055082624,597.74,0.313271824224748
1311,061214,v,76571.6796666667,38.3433548656318,644.106666666667,0.378773411661604
1312,061214,v,71249.4816666667,35.6782582206643,645.123333333333,0.407414379456358
1295,061314,v,115092.378666667,57.6326382907695,673.433333333333,0.330038718035599
1296,061314,v,91853.866,45.9959268903355,615.046666666667,0.359518333967574
1313,062214,v,66294.499,33.1970450676014,644.81,0.442472428717638
1315,062214,v,66253.485,33.1765072608913,627.113333333333,0.429347464270958
1316,062214,v,38391.7457,19.2247099148723,651.056666666667,0.470117487297436
1318,062214,v,27091.2143,13.5659560841262,675.053333333333,0.515454603874968
1319,062314,v,22749.0299333333,11.391602370222,686.73,0.543819102658659
1320,062314,v,18727.5656,9.37784957436154,679.686666666667,0.519756460792135
1321,062314,v,49298.1793333333,24.6861188449341,631.736666666667,0.449588028630588
1322,062314,v,31218.1801666667,15.6325388916708,692.09,0.493973797335552
1323,062314,v,55845.7983333333,27.9648464363211,619.456666666667,0.469202915902328
1324,062314,v,30977.8968,15.5122167250876,667.04,0.488123400413443
1325,062314,v,53008.178,26.5439048572859,642.39,0.423022844763519
1326,062314,v,25459.1414,12.7486937406109,676.12,0.508278740110309
1327,062314,v,22776.9651,11.4055909364046,670.476666666667,0.501069829670748
1329,062314,v,28153.2539666667,14.097773643799,670.79,0.522627598169174
1331,062314,v,29606.3043,14.825390235353,678.75,0.509698909369068
1332,062314,v,58035.7996666667,29.0614920714405,610.016666666667,0.422980940656778
1333,062314,v,36862.1633666667,18.4587698380905,609.02,0.470240955165693
1334,062314,v,43065.2146666667,21.5649547654816,610.5,0.450219183196669
1335,062314,v,42456.9002666667,21.2603406442998,676.06,0.448165529735025
1336,062314,v,46581.5286666667,23.3257529627775,660.02,0.453165044384268
1337,062314,v,39685.3608333333,19.8724891503923,632.4,0.479670519306841
1338,062314,v,25349.2062666667,12.6936435987314,659.706666666667,0.49389985463635
1366,062314,v,54198.037,27.1397280921382,661.786666666667,0.458858038952461
1339,062414,v,88240.0366666667,44.1862977800033,590.406666666667,0.344179820536258
1342,062414,v,38991.8809,19.5252282924387,610.5,0.493167470883994
1343,062414,v,41821.9276666667,20.9423773994325,643.093333333333,0.416562312913666
1344,062414,v,59281.9416666667,29.6854990819563,610.5,0.403498601265241
1345,062514,v,35752.9181666667,17.903314054415,659.706666666667,0.505420962802392
1346,062514,v,70552.5843333333,35.3292860958104,600.473333333333,0.404788934781746
1347,062514,v,38551.3827333333,19.3046483391754,655.773333333333,0.495450153338962
1350,062514,v,34181.1351666667,17.1162419462527,626.8,0.476698781416625
1351,062514,v,47853.076,23.9624817225839,666.06,0.462024735908219
1352,062514,v,44576.5993333333,22.3217823401769,623.133333333333,0.479661542359863
1353,062514,v,36877.0867666667,18.4662427474545,651.73,0.472706746775822
1354,062514,v,41562.0051333333,20.8122208980137,610.5,0.484842726659391
1355,062514,v,66638.4403333333,33.3692740777833,661.786666666667,0.428796170787754
1356,062514,v,31210.846,15.6288662994492,645.126666666667,0.47506918809989
1357,062514,v,30869.3967,15.4578851777667,668.423333333333,0.498260104792942
1358,062514,v,35425.8124,17.7395154732098,679.44,0.479186832419761
1359,062514,v,21437.3151,10.7347596895343,685.73,0.52165044095381
1360,062514,v,35051.7530666667,17.5522048405942,609.793333333333,0.450236940767438
1361,062714,v,54037.7233333333,27.0594508429311,610.18,0.444689607611183
1362,062714,v,52058.98,26.068592889334,633.813333333333,0.440587512957894
1363,062814,v,79357.7953333333,39.7385054248039,660.78,0.359807938693964
1364,062814,v,54235.52,27.1584977466199,610.5,0.466172699002007
1365,062814,v,28318.9220333333,14.1807321148389,661.11,0.499281654427042
1367,062814,v,47254.0391,23.66251331998,643.413333333333,0.478062976784197
1368,062814,v,40443.2506,20.2520033049574,609.433333333333,0.419157344942245
1369,062914,v,39474.9867666667,19.7671440994826,636.726666666667,0.506013391904739
1370,062914,v,70560.7203333333,35.3333602069771,626.4,0.406853968947537
1371,062914,v,73094.4173333333,36.6021118344183,661.473333333333,0.405309626474691
1372,062914,v,50058.4303333333,25.0668153897513,661.16,0.45065890834322
1373,062914,v,60568.7233333333,30.3298564513437,568.066666666667,0.410476021758677
1374,062914,v,40060.561,20.0603710565849,626.793333333333,0.459131904456442
1375,062914,v,49817.7116666667,24.9462752462026,610.18,0.413564370687944
1376,062914,v,39620.8925333333,19.8402065765315,670.78,0.523256245881855
1378,062914,v,25628.0159333333,12.8332578534468,681.47,0.481444253234911
1379,062914,v,52478.9537333333,26.2788952094809,643.78,0.460299653030721
1380,062914,v,52990.7516666667,26.5351786012352,610.5,0.40949422432327
1381,062914,v,44842.3660666667,22.4548653313303,605.153333333333,0.482613597842422
1384,062914,v,45923.3046666667,22.9961465531631,592.38,0.431962710349652
1385,062914,v,67339.5966666667,33.7203789016859,609.793333333333,0.422990680214556
1386,062914,v,78560.875,39.339446670005,630.123333333333,0.39181478127907
1387,062914,v,44804.06,22.4356835252879,609.793333333333,0.472252716352969
1388,062914,v,30059.3435666667,15.0522501585712,676.386666666667,0.536165228100119
1389,062914,v,43806.411,21.9361096644967,661.026666666667,0.515746691047137
1390,062914,v,37980.5012666667,19.0187788015356,660.02,0.50761972284688
1391,062914,v,45073.0497666667,22.5703804540144,622.106666666667,0.488570857312133
1392,062914,v,56294.3463333333,28.1894573526957,610.82,0.458464650774982
1393,063014,v,77645.368,38.8810055082624,670.476666666667,0.392484147632095
1394,063014,v,59964.8416666667,30.0274620263729,632.426666666667,0.474850111970758
1395,063014,v,54625.5938333333,27.3538276581539,651.436666666667,0.484111304759982
1396,063014,v,49768.921,24.9218432648973,593.733333333333,0.475390350129025
1399,063014,v,47802.1916666667,23.9370013353363,627.173333333333,0.442990276756308
1400,063014,v,57045.1703333333,28.5654333166416,631.04,0.400908758787569
1401,063014,v,47719.539,23.8956129193791,614.026666666667,0.473929543189988
1402,063014,v,36640.5411333333,18.3477922550492,692.71,0.514099598735286
1408,063014,v,29203.0429666667,14.6234566683358,667.04,0.504810678211658
1410,063014,v,24539.8400666667,12.2883525621766,684.74,0.56462639509497
1406,070114,v,25501.0457333333,12.7696773827408,680.103333333333,0.52666574825144
1407,070114,v,36475.7898666667,18.2652928726423,667.77,0.521450245778909
1412,070114,v,75170.6476666667,37.641786513103,628.46,0.417241659108826
1416,070114,v,34139.8607333333,17.0955737272576,620.156666666667,0.481480346801998
1418,070114,v,28306.1058333333,14.174314388249,693.08,0.534491374684923
1419,070114,v,79306.5983333333,39.7128684693707,580.436666666667,0.403566555960839
1420,070114,v,32430.928,16.2398237356034,676.42,0.483999824409559
1421,070114,v,48196.3656666667,24.1343844099483,653.766666666667,0.48151070304845
1422,070114,v,45463.1891333333,22.7657431814388,686.723333333333,0.518160630228038
1423,070114,v,53841.4196666667,26.9611515606743,610.113333333333,0.404853499626936
1424,070114,v,45775.5846666667,22.9221755967284,660.78,0.465750982725075
1425,070114,v,50015.7633333333,25.0454498414288,657.06,0.448762271785891
1427,070114,v,26917.1769333333,13.4788066766817,670.476666666667,0.535941759342841
1430,070214,v,54396.9350666667,27.239326523118,670.116666666667,0.472128251512098
1432,070214,v,58177.25,29.1323234852278,599.17,0.435078654421757
1434,070214,v,39084.5264,19.5716206309464,660.713333333333,0.488774160545043
1435,070214,v,57892.4336666667,28.9897013854115,682.713333333333,0.479772285855262
1436,070214,v,34062.0816,17.0566257386079,668.736666666667,0.526852919288039
1438,070214,v,53944.813,27.0129258888333,626.48,0.442775646704285
1439,070214,v,31473.5146666667,15.7603979302287,643.726666666667,0.48878100857512
1440,070214,v,64683.354,32.3902623935904,691.78,0.427848796549892
1445,070314,v,50881.0577333333,25.4787469871474,653.103333333333,0.453361255372916
1447,070314,v,32556.2979333333,16.3026028709731,626.48,0.473262447651515
1450,070414,v,32326.2583666667,16.1874102987815,661.473333333333,0.517149498369945
1451,070414,v,58393.663,29.2406925388082,650.426666666667,0.43017160190093
1452,070414,v,75098.5283333333,37.6056726756802,610.5,0.397910393100018
1453,070414,v,43311.1067666667,21.6880855116007,658.756666666667,0.425498270447594
1454,070414,v,39062.6815,19.560681772659,660.4,0.47095635355871
1455,070414,v,45595.7512333333,22.8321238023702,643.78,0.488282045596674
1458,070414,v,71731.7293333333,35.9197442830913,682.403333333333,0.44317279002371
1459,070414,v,32422.6143,16.2356606409614,673.423333333333,0.519553402975815
1460,070414,v,71789.4333333333,35.9486396261058,609.793333333333,0.395696573209636
1462,070414,v,50585.2093333333,25.3306005675179,623.453333333333,0.454829136704964
1463,070414,v,36292.3905,18.1734554331497,660.02,0.503658826011378
1464,070414,v,35581.7721666667,17.8176125020865,686.416666666667,0.48727526496108
1466,070414,v,37794.1379333333,18.9254571523953,674.75,0.477883286051097
1472,070814,v,112479.999666667,56.3244865631781,595.413333333333,0.337021387753337
1473,070814,v,77301.612,38.7088693039559,661.473333333333,0.396763404249827
1474,070814,v,104551.229666667,52.3541460524119,661.473333333333,0.354939907712596
1475,070814,v,63818.6699666667,31.9572708896678,627.733333333333,0.434765194037523
1476,070814,v,81603.3343333333,40.8629616090803,610.113333333333,0.402010728060978
1477,070814,v,65900.6456666667,32.9998225671841,611.786666666667,0.455879742987952
1479,070814,v,99679.0866666667,49.914414955767,614.816666666667,0.33405275887605
1480,070814,v,78980.155,39.5494016024036,603.093333333333,0.382179405129803
1481,070814,v,122907.874333333,61.5462565514939,617.713333333333,0.315414857829065
1482,070814,v,113154.436333333,56.6622114838925,586.793333333333,0.342172310983808
1483,070814,v,79116.2276666667,39.6175401435487,670.71,0.374771792344212
1484,070814,v,60200.1086666667,30.1452722416959,626.793333333333,0.405601948101912
1485,070814,v,69275.8843333333,34.6899771323652,611.143333333333,0.439102579783866
1486,070814,v,90934.2906666667,45.5354485060925,644.81,0.378673756439725
1487,070814,v,104499.115666667,52.3280499081956,604.696666666667,0.360751030877706
1488,070814,v,111740.805,55.9543340010015,675.06,0.326116909086564
1489,070814,v,90526.4463333333,45.3312199966617,668.423333333333,0.378256008219928
1490,070814,v,101035.867666667,50.5938245701886,610.5,0.366606244998826
1491,070814,v,63069.8327,31.582289784677,644.81,0.430913039327911
1492,070814,v,120899.2,60.5404106159239,615.433333333333,0.313784153498788
1493,070914,v,140920.807666667,70.5662532131531,639.73,0.303153652867256
1494,070914,v,84342.6473333333,42.2346756801869,656.806666666667,0.343245020181063
1495,070914,v,53592.3454333333,26.8364273577032,693.76,0.489350485085002
1496,070914,v,131364.979333333,65.7811614087798,661.16,0.312877594773592
1497,070914,v,91407.6596666667,45.7724885661826,660.4,0.346936335421501
1498,071014,v,81067.5926666667,40.5946883658822,644.106666666667,0.376693648033601
1499,071014,v,88415.4686666667,44.2741455516608,661.16,0.333492879283526
1500,071014,v,111470.601333333,55.8190292104824,631.793333333333,0.340442825876806
1501,071014,v,74868.316,37.4903935903856,644.166666666667,0.434967167092614
1502,071014,v,73780.9546666667,36.9458961775997,662.1,0.411385789474236
1503,071014,v,90725.823,45.4310580871307,668.736666666667,0.348948265073915
1504,071014,v,55377.8156666667,27.7305035887164,681.7,0.453844549007852
1505,071514,v,36988.5274666667,18.5220468035386,661.786666666667,0.516022359479092
1506,071714,v,57708.553,28.8976229344016,602.046666666667,0.415177028708413
1507,071714,v,70913.4283333333,35.5099791353697,609.726666666667,0.403512547656188
1508,071714,v,36227.3269,18.1408747621432,664.756666666667,0.503083606538768
1509,071714,v,70224.04,35.1647671507261,609.406666666667,0.409546251433098
1510,071714,v,49060.5786666667,24.5671400433984,639.776666666667,0.465369395203611
1511,071714,v,22508.4997333333,11.271156601569,686.743333333333,0.516779555109292
1512,071714,v,30893.5814666667,15.4699957269237,680.726666666667,0.526066611281382
1513,071714,v,35792.1534666667,17.922961175096,626.093333333333,0.458238869808844
1514,071714,v,51493.3079666667,25.7853319813053,691.47,0.475854736412576
1515,071714,v,42535.8351,21.2998673510265,610.18,0.456018477002919
1268,061114,v,64225.056,32.1607691537306,587.18,0.426131350017542
1271,061114,v,95732.354,47.9380841261893,643.406666666667,0.34204794617223
1272,061114,v,96552.437,48.3487416124186,660.02,0.346708070411749
1274,061114,v,96668.7203333333,48.4069706226006,659.706666666667,0.307788485080002
1277,061114,v,126991.636666667,63.5912051410449,662.1,0.310002961437112
1278,061114,v,114398.543,57.2851992989484,610.82,0.310631579164718
1285,061214,v,111276.062,55.7216134201302,610.18,0.320967658946967
1287,061214,v,110361.647,55.2637190786179,626.48,0.327580693228064
1288,061214,v,72624.8126666667,36.3669567684861,659.393333333333,0.321368089026737
1293,061214,v,100901.543666667,50.5265616758471,626.48,0.348553822843113
1294,061214,v,104114.925666667,52.1356663328326,626.793333333333,0.322410983521192
1298,061214,v,132648.717666667,66.4239948255717,574.483333333333,0.309751888550545
1303,061214,v,57986.741,29.0369258888332,635.433333333333,0.45871862404416
1304,061214,v,69311.9446666667,34.7080343849107,674.44,0.384525234137593
1306,061214,v,17022.4948333333,8.52403346686697,689.11,0.248978651314297
1307,061214,v,109563.636666667,54.864114505091,622.093333333333,0.340731980749408
1309,061214,v,105437.604666667,52.7979993323318,651.43,0.344570302462687
1310,061214,v,107173.294,53.6671477215824,610.433333333333,0.333559075117534
1314,062214,v,34816.1264666667,17.4342145551661,644.42,0.537173346869279
1317,062214,v,41211.7037,20.6368070605909,626.02,0.476842601878775
1330,062314,v,28834.5032666667,14.4389099983308,663.453333333333,0.524324745158647
1340,062414,v,31957.7739666667,16.0028913203138,634.133333333333,0.489984324877308
1341,062414,v,25997.3192333333,13.0181868970122,664.773333333333,0.54550901382618
1348,062514,v,41679.9776,20.8712957436154,681.08,0.483361190487607
1349,062514,v,32195.5815333333,16.1219737272576,610.18,0.498730014933676
1377,062914,v,43525.5894,21.7954879318978,626.776666666667,0.458006898538761
1382,062914,v,60222.3183333333,30.1563937573026,636.41,0.440457381711986
1383,062914,v,55387.4416666667,27.7353238190619,611.14,0.466195106112823
1397,063014,v,51443.708,25.7604947421132,662.413333333333,0.477086736517073
1398,063014,v,41688.4768,20.8755517275914,611.14,0.529823152420391
1403,063014,v,36996.7555666667,18.5261670338842,659.7,0.53128551622414
1404,063014,v,35516.8082333333,17.7850817392756,662.1,0.493772380994813
1405,063014,v,79767.9256666667,39.9438786513103,610.5,0.376490683140874
1409,063014,v,25409.4368,12.7238041061592,673.746666666667,0.505359364414558
1411,063014,v,36717.4185333333,18.3862886997162,667.8,0.506259002323245
1413,070114,v,52636.1026666667,26.3575877149057,630.443333333333,0.490483984769144
1414,070114,v,45955.2193333333,23.0121278584543,610.82,0.452806844232699
1415,070114,v,40357.2758333333,20.2089513436822,663.413333333333,0.493236771281275
1429,070214,v,51185.9966666667,25.6314455015857,650.42,0.498769686496009
1431,070214,v,48496.903,24.2848788182273,660.4,0.474557759117619
1433,070214,v,54563.012,27.3224897346019,626.793333333333,0.478634388386936
1437,070214,v,63196.5173333333,31.645727257553,643.406666666667,0.42079611745584
1441,070314,v,38084.6748,19.0709438157236,609.793333333333,0.494296231253643
1442,070314,v,34840.4209,17.44638002003,632.726666666667,0.504062204506291
1443,070314,v,38288.0954,19.1728069103655,626.793333333333,0.461643051831989
1444,070314,v,28971.6685333333,14.5075956601569,626.093333333333,0.511675768973343
1446,070314,v,33105.8239666667,16.5777786513103,642.393333333333,0.491322581453028
1448,070314,v,34797.4499,17.424862243365,637.483333333333,0.482800470309087
1449,070413,v,37619.5832666667,18.8380487063929,610.18,0.470060741305928
1456,070414,v,75534.8273333333,37.8241498915039,609.793333333333,0.386850004898036
1457,070414,v,28648.6822,14.3458598898348,673.746666666667,0.485418170558079
1461,070414,v,40587.106,20.3240390585879,626.793333333333,0.459091212997976
1465,070414,v,23020.4533333333,11.527517943582,626.793333333333,0.475133263611853
1467,070414,v,31352.9325666667,15.700016307795,634.786666666667,0.519592675277925
1468,070414,v,28948.5358,14.4960119178768,600.086666666667,0.48144724140576
1469,070414,v,32400.1749333333,16.2244241028209,665.77,0.5248360759574
1470,070414,v,60684.5689333333,30.3878662660658,621.123333333333,0.468110237673619
1471,070414,v,44494.1194,22.2804804206309,622.096666666667,0.502156020088465
1499,071014,v,13524055.8633333,6741.80252409438,601.183,0.221766545210548
