pop1,pop2,mean.gen.dist
alzamay,boatu,0.22761
alzamay,changchun,0.225307
alzamay,colorado,0.218403
alzamay,egypt,0.220744
alzamay,harbin,0.225827
alzamay,israel,0.221095
alzamay,jiuquan,0.221763
alzamay,khingui,0.215029
alzamay,marrakesh,0.219769
alzamay,moscow,0.216927
alzamay,narin-talacha,0.220331
alzamay,qinhuangdao,0.22881
alzamay,qiqihar,0.225317
alzamay,takecha,0.219487
alzamay,tokyo,0.226872
alzamay,yekatarinburg,0.217082
alzamay,zakaltoose,0.218406
alzamay,zhangye,0.224212
alzamay,zhengzhou,0.228533
boatu,changchun,0.225794
boatu,colorado,0.228595
boatu,egypt,0.230373
boatu,harbin,0.225614
boatu,israel,0.230359
boatu,jiuquan,0.22655
boatu,khingui,0.226486
boatu,marrakesh,0.228985
boatu,moscow,0.226781
boatu,narin-talacha,0.22832
boatu,qinhuangdao,0.22483
boatu,qiqihar,0.226405
boatu,takecha,0.230061
boatu,tokyo,0.225546
boatu,yekatarinburg,0.226567
boatu,zakaltoose,0.228822
boatu,zhangye,0.22842
boatu,zhengzhou,0.225988
changchun,colorado,0.22743
changchun,egypt,0.231204
changchun,harbin,0.224744
changchun,israel,0.230865
changchun,jiuquan,0.227738
changchun,khingui,0.225752
changchun,marrakesh,0.230217
changchun,moscow,0.226945
changchun,narin-talacha,0.227034
changchun,qinhuangdao,0.226361
changchun,qiqihar,0.225789
changchun,takecha,0.22797
changchun,tokyo,0.224604
changchun,yekatarinburg,0.226785
changchun,zakaltoose,0.227885
changchun,zhangye,0.228581
changchun,zhengzhou,0.226556
colorado,egypt,0.223116
colorado,harbin,0.227857
colorado,israel,0.222993
colorado,jiuquan,0.223373
colorado,khingui,0.217457
colorado,marrakesh,0.222205
colorado,moscow,0.219796
colorado,narin-talacha,0.221261
colorado,qinhuangdao,0.230038
colorado,qiqihar,0.228172
colorado,takecha,0.221968
colorado,tokyo,0.227596
colorado,yekatarinburg,0.219708
colorado,zakaltoose,0.220999
colorado,zhangye,0.225879
colorado,zhengzhou,0.230249
egypt,harbin,0.231879
egypt,israel,0.209247
egypt,jiuquan,0.21659
egypt,khingui,0.21657
egypt,marrakesh,0.208618
egypt,moscow,0.20708
egypt,narin-talacha,0.224515
egypt,qinhuangdao,0.233937
egypt,qiqihar,0.231123
egypt,takecha,0.224996
egypt,tokyo,0.231478
egypt,yekatarinburg,0.207688
egypt,zakaltoose,0.221216
egypt,zhangye,0.219174
egypt,zhengzhou,0.232807
harbin,israel,0.231948
harbin,jiuquan,0.228899
harbin,khingui,0.22623
harbin,marrakesh,0.230202
harbin,moscow,0.228633
harbin,narin-talacha,0.228238
harbin,qinhuangdao,0.225217
harbin,qiqihar,0.226354
harbin,takecha,0.229183
harbin,tokyo,0.224009
harbin,yekatarinburg,0.22812
harbin,zakaltoose,0.227874
harbin,zhangye,0.229276
harbin,zhengzhou,0.22691
israel,jiuquan,0.21612
israel,khingui,0.21713
israel,marrakesh,0.209527
israel,moscow,0.207661
israel,narin-talacha,0.224297
israel,qinhuangdao,0.233511
israel,qiqihar,0.231252
israel,takecha,0.224468
israel,tokyo,0.231883
israel,yekatarinburg,0.209076
israel,zakaltoose,0.22138
israel,zhangye,0.219003
israel,zhengzhou,0.232692
jiuquan,khingui,0.219151
jiuquan,marrakesh,0.215262
jiuquan,moscow,0.213787
jiuquan,narin-talacha,0.223951
jiuquan,qinhuangdao,0.229066
jiuquan,qiqihar,0.228087
jiuquan,takecha,0.225129
jiuquan,tokyo,0.228361
jiuquan,yekatarinburg,0.213839
jiuquan,zakaltoose,0.222713
jiuquan,zhangye,0.217202
jiuquan,zhengzhou,0.228858
khingui,marrakesh,0.21538
khingui,moscow,0.212508
khingui,narin-talacha,0.219253
khingui,qinhuangdao,0.228556
khingui,qiqihar,0.226063
khingui,takecha,0.220109
khingui,tokyo,0.22615
khingui,yekatarinburg,0.212441
khingui,zakaltoose,0.217153
khingui,zhangye,0.220674
khingui,zhengzhou,0.227547
marrakesh,moscow,0.206147
marrakesh,narin-talacha,0.222246
marrakesh,qinhuangdao,0.232706
marrakesh,qiqihar,0.230316
marrakesh,takecha,0.2237
marrakesh,tokyo,0.230521
marrakesh,yekatarinburg,0.206599
marrakesh,zakaltoose,0.22016
marrakesh,zhangye,0.218177
marrakesh,zhengzhou,0.231981
moscow,narin-talacha,0.220187
moscow,qinhuangdao,0.230166
moscow,qiqihar,0.227352
moscow,takecha,0.221136
moscow,tokyo,0.227028
moscow,yekatarinburg,0.202448
moscow,zakaltoose,0.217375
moscow,zhangye,0.215795
moscow,zhengzhou,0.228681
narin-talacha,qinhuangdao,0.229213
narin-talacha,qiqihar,0.228483
narin-talacha,takecha,0.223175
narin-talacha,tokyo,0.227713
narin-talacha,yekatarinburg,0.220805
narin-talacha,zakaltoose,0.221619
narin-talacha,zhangye,0.22602
narin-talacha,zhengzhou,0.22958
qinhuangdao,qiqihar,0.227061
qinhuangdao,takecha,0.230734
qinhuangdao,tokyo,0.223431
qinhuangdao,yekatarinburg,0.230701
qinhuangdao,zakaltoose,0.229883
qinhuangdao,zhangye,0.229964
qinhuangdao,zhengzhou,0.226465
qiqihar,takecha,0.228221
qiqihar,tokyo,0.226649
qiqihar,yekatarinburg,0.227873
qiqihar,zakaltoose,0.228769
qiqihar,zhangye,0.22938
qiqihar,zhengzhou,0.224942
takecha,tokyo,0.228481
takecha,yekatarinburg,0.221409
takecha,zakaltoose,0.223025
takecha,zhangye,0.226832
takecha,zhengzhou,0.230485
tokyo,yekatarinburg,0.227247
tokyo,zakaltoose,0.227931
tokyo,zhangye,0.229438
tokyo,zhengzhou,0.226058
yekatarinburg,zakaltoose,0.217298
yekatarinburg,zhangye,0.216291
yekatarinburg,zhengzhou,0.229036
zakaltoose,zhangye,0.224447
zakaltoose,zhengzhou,0.229934
zhangye,zhengzhou,0.230208