"","date","location","gps","lat","long","sex","band","rwl.mean","rts.mean","lts.mean","tail.mean","tarsus.mean","bill.length.mean","bill.depth.mean","bill.width.mean","b.total.bright","b.avg.bright","b.hue","b.chrom","r.total.bright","r.avg.bright","r.hue","r.chrom","t.total.bright","t.avg.bright","t.hue","t.chrom","v.total.bright","v.avg.bright","v.hue","v.chrom","primary1","primary2","primary3","primary4","primary5","primary6","primary7","primary8","primary9","weight","mate.id"
"1","4/20/16","Agadir","first.one",30.052763,-9.649498,"f","1901",117,81.66666667,NA,81.66666667,10.58333333,5.266666667,2.866666667,4.833333333,98895.12267,49.5218441,626.48,0.33636904,72882.827,36.49615774,643.0933333,0.386757902,36731.68953,18.39343492,669.75,0.516527045,64207.10767,32.15178151,626.0933333,0.43099619,92,91.5,86,80,74,68,61,54,48,18.68,NA
"2","4/20/16","Agadir","pb",30.052916,-9.649945,"m","1902",125.8333333,92.16666667,92,92.08333334,10.46666667,5.816666667,2.816666667,4.716666667,102858.8493,51.50668469,599.15,0.372377473,107186.7537,53.67388766,607.79,0.361510682,19460.41413,9.744824303,687.3633333,0.52323271,77486.088,38.80124587,603.1466667,0.40706427,100,96.5,89.5,82,76,70,63.5,58,51,17.49,NA
"3","4/20/16","Agadir","retinue",30.05291,-9.650981,"f","1903",119.6666667,92.5,90.83333333,91.66666667,10.8,5.866666667,2.766666667,4.9,136894.572,68.55011117,578.8,0.330421217,128425.1257,64.30902637,585.81,0.330538,52226.48567,26.15247154,636.49,0.401185842,110935.3213,55.55098715,681.08,0.283525657,93,90,85.5,78,72.5,66.5,60,54,47,20.69,NA
"4","4/20/16","Agadir","retinue",30.05291,-9.650981,"m","1904",120.1666667,106,102,104,10.6,5.533333333,2.9,4.883333333,95190.61533,47.66680788,626.48,0.349298196,103853.0653,52.00453948,610.18,0.350451371,33225.09567,16.63750409,643.4066667,0.452559325,101803.973,50.97845418,626.48,0.341866822,96,94,88,81,75,NA,64,58,51,17.32,NA
"5","4/20/16","Agadir","too.slow",30.053336,-9.651466,"f","1905",119.1666667,83.66666667,83,83.33333334,10.78333333,6.066666667,2.966666667,4.8,156363.329,78.29911317,612.59,0.31525396,111058.3623,55.61260007,624.7766667,0.33788661,34020.14783,17.03562736,647.82,0.50750256,104055.779,52.10604857,639.78,0.351569173,93,93,87.5,81,75,69,64,57.5,51,20.78,NA
"6","4/20/16","Agadir","reflexes",30.053363,-9.651995,"m","1906",127.5,101.8333333,101,101.4166667,10.8,5.716666667,2.95,4.9,156363.329,78.29911317,612.59,0.31525396,111058.3623,55.61260007,624.7766667,0.33788661,34020.14783,17.03562736,647.82,0.50750256,104055.779,52.10604857,639.78,0.351569173,101,98,92,85,78.5,71,64.5,59,52,NA,NA
"7","4/20/16","Agadir","double.trouble",30.033109,-9.656175,"m","1907",125.6666667,109.8333333,105.3333333,107.5833333,10.85,6.4,2.933333333,4.9,145862.0847,73.04060324,661.4733333,0.301215318,135426.7807,67.815113,681.78,0.330191511,36187.88787,18.12112562,690.7833333,0.476175798,78856.47833,39.48747037,661.4733333,0.320683309,98,96,90,84,77,70.5,65,58,51.5,19.87,"1908"
"8","4/20/16","Agadir","double.trouble",30.033109,-9.656175,"f","1908",124.3333333,93,92.16666667,92.58333334,10.53333333,6.266666667,3.116666667,5.233333333,99533.28433,49.84140427,644.1666667,0.335887772,134459.033,67.33051227,646.1233333,0.329415036,43953.09233,22.00956051,692.09,0.447124765,88771.65167,44.45250459,655.11,0.351601414,98,96,89.5,82.5,76,70,64.5,58,52,21.23,"1907"
"9","4/20/16","Agadir","fledgies",30.032983,-9.655725,"f?","1909",125.5,102.3333333,108.8333333,105.5833333,10.7,5.866666667,3.033333333,5.333333333,111771.874,55.96989184,661.16,0.356011042,107407.3183,53.78433567,661.16,0.356843376,37456.63483,18.75645209,661.16,0.459842827,93414.08833,46.77720998,644.1066667,0.385457066,97,95,90,83,77,70,64,56.5,51,20.94,NA
"10","4/20/16","Agadir","fledgies",30.032983,-9.655725,"f","1910",120.6666667,91.33333333,90.5,90.91666667,10.36666667,5.816666667,2.883333333,4.666666667,133490.917,66.84572709,561.17,0.321735753,139538.552,69.87408713,575.7933333,0.331375382,25885.23937,12.96206278,653.4133333,0.453503242,102386.5647,51.27018761,625.7066667,0.3375234,95,95,90,83,76,70,65,58,51,16.97,NA
"11","4/20/16","Agadir","bunting",30.032689,-9.655086,"f","1911",119.5,87,85,86,11.06666667,5.883333333,3,5.166666667,136230.3355,68.21749399,592.925,0.329410382,119385.0717,59.78220915,597.7433333,0.327859369,24995.74507,12.5166475,674.44,0.48125569,87701.074,43.91641162,660.02,0.346380558,91,90.5,85,79,73,67,63,55,50,21.83,NA
"12","4/21/16","Agadir","seis",30.032481,-9.655982,"m?","1912",122.3333333,100.8333333,99.33333333,100.0833333,11.03333333,6.1,2.933333333,5.25,168474.022,84.36355633,661.73,0.30022674,112327.3203,56.24803221,607.1433333,0.346073866,37982.38567,19.01972242,651.4233333,0.463597529,88041.636,44.08694842,607.7866667,0.336148622,95,94,87.5,82,75.5,71,64,58,51,16.4,NA
"13","4/21/16","Agadir","seis",30.032481,-9.655982,"f","1913",121.3333333,84,82,83,10.26666667,6.333333333,2.983333333,5.266666667,131540.5917,65.86909948,643.4066667,0.33014683,126773.5533,63.48199967,660.02,0.323668385,37667.7152,18.86215083,660.02,0.469223678,131367.1343,65.78224053,643.7266667,0.318478062,96,94,89,82,77,70,65,59,53,17.45,NA
"14","4/21/16","Agadir","seis",30.032481,-9.655982,"m","1914",126.1666667,110,109.1666667,109.5833334,10.9,6.2,2.933333333,5.266666667,138482.8507,69.3454435,655.1233333,0.315220652,142602.227,71.40822584,618.1633333,0.307712391,27809.27993,13.92552826,643.1,0.486498715,102828.419,51.49144667,635.4466667,0.344124781,100,96,89,83,78,72,66,61,54.5,17.63,NA
"15","4/21/16","Agadir","seis",30.032481,-9.655982,"m","1915",128.5,NA,107.3333333,107.3333333,10.3,5.516666667,2.833333333,4.65,79608.21733,39.86390452,643.4066667,0.401145276,81983.04067,41.05309998,626.7933333,0.40699465,18160.0461,9.093663545,660.02,0.495257804,48920.3315,24.49691112,643.4066667,0.486898841,101,97.5,90,83.5,78,71,65,59,52,17.33,NA
"16","4/21/16","Agadir","seis",30.032481,-9.655982,"f?","1916",123.8333333,NA,93.83333333,93.83333333,10.03333333,5.733333333,2.9,4.833333333,90933.804,45.53520481,552.52,0.364618311,109506.2447,54.8353754,587.82,0.334991414,31104.6265,15.57567677,650.4333333,0.454255181,89088.676,44.61125488,552.19,0.382730263,NA,NA,NA,NA,NA,NA,NA,NA,NA,17.52,NA
"17","4/21/16","Agadir","seis",30.032481,-9.655982,"m","1917",128.1666667,108.8333333,NA,108.8333333,10.8,6.4,3.1,5.3,114594.368,57.38325889,609.4066667,0.362229925,95986.201,48.0651983,590.7933333,0.391976137,21024.13023,10.5278569,677.7366667,0.547961081,67447.34333,33.77433317,618.0666667,0.453630754,101,98,91,84.5,79,73,66,61,54,19.11,NA
"18","4/21/16","Agadir","suspicious",30.032481,-9.655982,"m","1918",126.3333333,104,100,102,10.36666667,5.566666667,2.733333333,4.233333333,148782.0187,74.50276348,632.1133333,0.306921832,165244.166,82.7462023,648.7733333,0.292956548,51943.549,26.01079069,660.02,0.419933751,131742.0393,65.96997463,660.02,0.316594425,99,96,90,82,77,71,65.5,60,54,18,NA
"19","4/21/16","Agadir","suspicious",30.032481,-9.655982,"f","1919",122.5,89.83333333,86,87.91666667,10.43333333,6.283333333,3.133333333,5.016666667,89866.593,45.0007977,609.02,0.358631887,82003.28867,41.06323919,643.02,0.359760541,34548.0019,17.29995088,667.04,0.469848093,72358.437,36.23356885,626.4066667,0.41645314,97,97,90.5,82,76,70,65,60,53,19.24,NA
"20","4/21/16","Agadir","suspicious",30.032481,-9.655982,"f","1920",123.5,84.83333333,83.16666667,84,10.83333333,5.85,2.8,5,117074.76,58.62531798,660.78,0.346218581,149642.002,74.9334011,661.16,0.322104779,31549.4192,15.79840721,660.4,0.438386283,117673.7043,58.92524003,661.16,0.337042799,97,96.5,89.5,83,75,70,65,60,54,19.3,"1921"
"21","4/21/16","Agadir","suspicious",30.032481,-9.655982,"m","1921",124.8333333,94.33333333,95,94.66666667,10.78333333,6.2,2.683333333,4.766666667,141072.154,70.64204006,587.82,0.312227749,159877.4907,80.05883358,653.7633333,0.301426246,25946.71377,12.99284615,643.1,0.503343141,122007.35,61.09531798,614.04,0.335036047,98,95.5,89,83,76,69,63,56,50,17.69,"1920"
"22","4/21/16","Agadir","peee",30.034544,-9.656766,"f","1922",124.6666667,98.16666667,97.66666667,97.91666667,10.56666667,5.6,2.933333333,4.783333333,149008.537,74.61619279,650.76,0.298831876,121388.099,60.78522734,596.1433333,0.33303672,27395.87143,13.71851349,666.7266667,0.458131531,104904.6287,52.531111,591.18,0.33520245,99,97,90,81,76,68,62,57,52,19.96,NA
"23","4/21/16","Agadir","peee",30.034544,-9.656766,"m","1923",122,100.3333333,100,100.1666667,10.06666667,5.466666667,2.9,4.666666667,112318.1583,56.24344433,586.7166667,0.349857877,117112.358,58.64414522,567.1333333,0.337199535,24663.38243,12.35021654,661.11,0.481037576,79231.79367,39.67540995,592.1333333,0.384071312,96,95,90,83,77,72,66,59,54,17.39,NA
"24","4/21/16","Agadir","peee",30.034544,-9.656766,"m","1924",123,123,NA,123,10.06666667,5.666666667,2.95,4.8,119662.2743,59.92101869,672.0966667,0.337491151,102261.9903,51.20780688,672.0966667,0.330772718,26534.92963,13.28739591,691.0966667,0.479938617,109410.756,54.78755934,650.4766667,0.345618765,97,94.5,88,81,74,68,63,57,52,17.83,NA
"25","4/21/16","Agadir","died.like.fools",30.033996,-9.656652,"M","1925",122.5,100.1666667,98.33333333,99.25000002,10.16666667,6.133333333,2.8,4.366666667,140453.4093,70.33220297,589.4366667,0.323910089,132548.8497,66.37398581,616.0733333,0.32389659,31227.9738,15.63744306,666.4133333,0.474439904,120002.586,60.09143015,609.02,0.326131796,95,93,86.5,81,74,68,64,57,51,17.74,NA
"26","4/21/16","Agadir","died.like.fools",30.033996,-9.656652,"F","1926",124.5,89,86,87.5,10.56666667,6.583333333,3.033333333,4.633333333,153888.2737,77.05972642,568.4533333,0.312009162,117838.7827,59.00790319,604.07,0.33431855,25693.60877,12.86610354,651.44,0.494444067,91681.77933,45.9097543,646.4233333,0.356922033,97,95,89,83,76,70,65,58,51,19.3,NA
"27","4/21/16","Agadir","oof",30.053524,-9.650047,"m","1927",122,100,100,100,11.06666667,5.8,2.966666667,4.9,117418.881,58.79763696,579.1266667,0.348589778,123261.6783,61.7234243,626.48,0.324264564,26593.35577,13.31665286,666.7266667,0.480041752,89378.92333,44.75659656,615.4633333,0.390944628,95,93,87,79,74,69,62,56,50,19.55,"1928"
"28","4/21/16","Agadir","oof",30.053524,-9.650047,"f","1928",121.1666667,85,85,85,11.03333333,6.3,3,5.4,128736.945,64.46517026,661.16,0.322051523,106539.3383,53.34969371,660.4,0.314493007,57057.9433,28.57182939,682.02,0.419284358,114143.5463,57.15750943,660.4,0.33111037,97,95,89.5,83,77,71,65,57,50,16.06,"1927"
"29","4/21/16","Agadir","retinue",30.05291,-9.650981,"m","1929",120.1666667,95,95,95,10.43333333,5.333333333,2.866666667,4.7,107014.7173,53.58774028,660.78,0.34222381,128367.2663,64.28005325,661.16,0.317084556,24822.23923,12.42976426,660.02,0.449174981,49829.28033,24.95206827,644.1066667,0.482452759,94,94.5,87,81,76,69.5,64,58,52,17.27,"1903"
"30","4/21/16","Agadir","pb",30.052916,-9.649945,"f","1930",122,93.5,NA,93.5,10.75,5.683333333,2.8,4.7,142584.0187,71.399108,615.4466667,0.308193639,123103.182,61.64405709,611.4633333,0.339041923,36180.99813,18.11767558,655.42,0.474726163,90499.65833,45.31780588,611.4633333,0.366695455,96,94,88,82,77,71,65,59,53,19.15,"1902"
"31","4/21/16","Agadir","reflexes",30.053363,-9.651995,"m?","1931",122.5,NA,96.66666667,96.66666667,10.63333333,5.816666667,2.95,5.433333333,104874.3047,52.51592622,666.1,0.315294088,134914.907,67.55879169,623.1333333,0.306290107,41178.132,20.61999599,609.4066667,0.456373047,128628.5383,64.41088549,632.3533333,0.312772176,96,93,87,80.5,75,69.5,64,56,49,18.83,"1906"
"32","4/21/16","Agadir","too.slow",30.053336,-9.651466,"f","1932",119.6666667,89,87,88,10.36666667,5.633333333,3.033333333,4.933333333,113757.9485,56.96442088,660.02,0.326291305,134912.3757,67.55752412,610.5,0.317332196,38284.43233,19.17097263,626.7933333,0.449605023,109516.231,54.84037606,609.7933333,0.319882633,94,93,88,81.5,7.4,67,62,57.5,52,19.45,NA
"33","4/21/16","Agadir","retinue",30.05291,-9.650981,"f","1933",127,94.66666667,93.83333333,94.25,10.56666667,5.5,2.783333333,4.5,101936.712,51.04492339,626.0933333,0.312834319,116026.8693,58.10058554,610.05,0.339656685,27537.57297,13.78947069,643.4066667,0.476731765,107615.7883,53.88872726,586.8533333,0.348427871,105,98,92,85.5,78,72,67.5,61,54,21.92,NA
"34","4/21/16","Agadir","dernier",30.05453,-9.652906,"f","1934",121,93,91.83333333,92.41666667,10.23333333,5.683333333,3,5.033333333,86934.23233,43.53241479,643.7866667,0.346135527,100693.6467,50.42245702,644.1066667,0.357700515,34533.70503,17.2927917,660.4,0.500927306,81210.81433,40.66640678,643.7266667,0.399512155,95,93.5,88,81,75.5,62,68,57,50,18.35,NA
"35","4/22/16","Oulad","hot.1",30.426798,-9.11277,"m","1937",126,104,109,106.5,10.2,5.783333333,3.1,5.5,144649.6727,72.43348656,566.09,0.314781588,102884.8707,51.51971491,579.84,0.354492299,28479.25337,14.26101821,626.4133333,0.473138061,118361.3443,59.26957653,601.81,0.311016617,99,98,92,85,79,72,66,59,53,17.81,NA
"36","4/22/16","Oulad","hot.2",30.426785,-9.112833,"m","1938",120.3333333,93.66666667,90.66666667,92.16666667,9.983333333,5.683333333,2.883333333,4.766666667,73016.58887,36.56313914,621.76,0.334063137,93737.035,46.93892589,691.0966667,0.358723476,59467.99333,29.77866466,629.4833333,0.385773697,74802.178,37.45727491,654.7966667,0.399831709,95,94,87.5,82,77,69.5,64.5,58,51,17.1,NA
"37","4/23/16","Oulad","facile",30.425314,-9.115567,"f","1935",120,80.33333333,81.16666667,80.75,10.76666667,6,2.866666667,4.4,124314.5513,62.25065164,661.4066667,0.305477081,105268.5027,52.71332132,610.4066667,0.33351284,45765.13833,22.91694458,636.7666667,0.453289578,55189.34067,27.63612452,657.8166667,0.437050106,94,95,84.5,81.5,77,71,65,60,52,19.1,"1936"
"38","4/23/16","Oulad","facile",30.425314,-9.115567,"m","1936",121.3333333,95,93,94,11,5.783333333,2.883333333,5.066666667,63370.60847,31.73290359,643.7266667,0.389830482,52240.29253,26.15938534,660.02,0.408589723,22501.70203,11.26775265,660.02,0.513146647,46669.7333,23.36992153,660.02,0.472098033,95.5,93.5,87,79.5,73,67,62,57,51,17.41,"1935"
"39","4/23/16","Oulad","delegate",30.427045,-9.112923,"m","1939",122,112.6666667,113.8333333,113.25,10.31666667,5.066666667,3.1,4.383333333,76985.49,38.55057086,625.7066667,0.349525717,109218.191,54.6911322,625.7066667,0.332906066,33044.86347,16.54725261,667.04,0.454566803,61528.59367,30.8105126,643.4066667,0.430518475,96,94,88,80,73.5,67,60,56,49.5,17.21,"1949"
"40","4/23/16","Oulad","hot.3",30.427856,-9.112816,"f","1940",117.1666667,80.16666667,79.83333333,80,10.33333333,5.5,2.933333333,5,103005.57,51.58015523,613.7833333,0.34197297,118671.6153,59.42494508,616.15,0.328553351,46122.74397,23.09601601,653.7566667,0.44960126,112810.73,56.49010015,637.4833333,0.318243919,92,90,86,80,73,68,62.5,58,51,19.25,NA
"41","4/23/16","Oulad","helpers",30.427856,-9.112816,"f","1941",119.5,88,86,87,10.45,5.533333333,2.783333333,4.6,90964.68667,45.55066934,626.0933333,0.336129762,118162.678,59.17009414,668.11,0.33686035,38193.99433,19.1256857,651.0566667,0.459034096,91035.47733,45.58611784,610.4366667,0.362052256,94,93,88,80,74,69,63,56,49,18.22,"1951"
"42","4/23/16","Oulad","oh.my.knees",30.430225,-9.112992,"m","1942",130.6666667,115,112.6666667,113.8333334,10.15,5.983333333,2.866666667,5.283333333,94576.00167,47.35903939,659.7733333,0.331536137,97003.154,48.57443866,634.1133333,0.352614802,27871.42867,13.95664931,669.7166667,0.484433357,89385.564,44.75992188,643.0933333,0.328106306,105.5,102,95,87,81,73,64.5,54,NA,16.65,NA
"43","4/23/16","Oulad","deception",30.427045,-9.112923,"f","1943",121.6666667,88,88,88,10.63333333,5.6,2.816666667,5.133333333,94982.25,47.5624687,596.7533333,0.343561228,95774.21933,47.95904824,568.1766667,0.326210978,23040.6339,11.53762339,664.1533333,0.528118443,66697.115,33.39865548,619.1766667,0.379850525,95,93,88.5,81,75.5,70,65,59,52,21.22,NA
"44","4/23/16","Oulad","mystery.nest",30.427045,-9.112923,"f","1944",122.5,82,80.66666667,81.33333334,11.11666667,5.533333333,2.85,4.8,123846.1413,62.01609481,596.8366667,0.312280638,102039.4433,51.09636622,650.4266667,0.339817157,34933.2647,17.49287166,650.04,0.466813697,81537.717,40.83010366,597.7433333,0.356004754,95,93,87.5,81,75.5,69,62,57,51,20.1,NA
"45","4/23/16","Oulad","peanut.gallery",30.428265,-9.112692,"m","1945",127,103.3333333,104.6666667,104,10.63333333,6.166666667,2.866666667,5.05,92567.87033,46.35346536,660.02,0.338818808,89065.59233,44.59969571,660.02,0.368134411,38159.04453,19.10818454,660.4,0.451405363,78794.309,39.45633901,643.4066667,0.358883328,98,96,90.5,83,77,72,66,59,53,21.39,"1946"
"46","4/23/16","Oulad","peanut.gallery",30.428265,-9.112692,"f","1946",123.5,84.66666667,80,82.33333334,10.81666667,6.2,2.816666667,5.233333333,115206.9253,57.68999766,644.4866667,0.334371255,117564.26,58.87043565,628.46,0.345360548,35787.5228,17.92064236,668.7366667,0.466940546,81072.84667,40.59731931,611.4633333,0.36371031,96,96,90,84,77,71,64.5,58,50,20.15,"1945"
"47","4/23/16","Oulad","floppy.disk",30.428426,-9.11284,"f","1947",124,87.5,87,87.25,10.63333333,6,3.066666667,5.066666667,101476.392,50.81441763,611.4633333,0.364977708,113176.4957,56.67325772,661.16,0.345783966,25706.65573,12.87263682,668.74,0.487821875,79972.03433,40.0460863,627.8133333,0.389973068,96,95,90,88,77,72,66,59,53,18.25,"1948"
"48","4/23/16","Oulad","floppy.disk",30.428426,-9.11284,"m","1948",124,106.5,104.6666667,105.5833334,10.16666667,5.5,2.833333333,4.6,87871.80233,44.00190402,638.3933333,0.365542583,97229.273,48.687668,614.8166667,0.368020645,17250.2286,8.638071407,654.4,0.528619726,61775.05767,30.93392973,660.0866667,0.425801025,98,95,89,82,75.5,69.5,64,59,52,17.25,"1947"
"49","4/23/16","Oulad","delegate",30.427045,-9.112923,"f","1949",122.1666667,90.5,92.33333333,91.41666667,10.8,5.733333333,3.016666667,4.566666667,95180.99767,47.66199182,585.7466667,0.372743416,100750.0827,50.45071741,598.4466667,0.369899214,32589.10933,16.31903322,653.8033333,0.498217436,78604.27467,39.3611791,619.4566667,0.416259317,95,93.5,88,81,75.5,69,64,57,49.5,19.65,"1939"
"50","4/23/16","Oulad","hot.1",30.426798,-9.11277,"f","1950",119.6666667,88,88.33333333,88.16666667,10.6,5.65,2.7,4.633333333,139972.844,70.09155934,592.1233333,0.311570249,122881.0063,61.53280237,577.4766667,0.330282029,29827.65373,14.93623121,660.1233333,0.478032804,71500.531,35.80397146,634.7933333,0.378946691,94,92,87,80,75,70,64,58,52,18.46,NA
"51","4/23/16","Oulad","deception",30.426798,-9.11277,"m","1951",118.6666667,96.16666667,95,95.58333334,10.3,5.35,2.666666667,4.9,120923.5333,60.55259556,615.0566667,0.319402951,103560.4467,51.85801035,586.7933333,0.345243082,25791.1733,12.91495909,626.48,0.509999992,73879.72367,36.99535487,633.8133333,0.378479343,93,92,87,80.5,75,69,62,57,50,18.18,"1943"
"52","4/24/16","Oulad","mosque",30.439563,-9.06734,"m","1952",125.1666667,105.3333333,99,102.1666667,10.1,5.933333333,3.1,4.6,93198.50267,46.66925522,644.4866667,0.369995876,133200.3653,66.70023302,635.0633333,0.321619055,21914.428,10.97367451,683.07,0.518429435,85140.73467,42.63431881,628.1266667,0.386481098,97,96,89,82.5,77,72,66.5,60.5,53.5,19.39,NA
"53","4/24/16","Oulad","two.males",30.439505,-9.067123,"m","1953",121.6666667,87,83.66666667,85.33333334,10.5,5.816666667,3,4.9,103227.1963,51.69113487,666.7266667,0.309320944,107211.701,53.68638007,615.82,0.321808521,25832.9883,12.935898,670.8066667,0.518741192,82734.216,41.42925188,610.18,0.351832965,94,94,88.5,81,74,68.5,64,57,52,18.07,NA
"54","4/24/16","Oulad","two.males",30.439505,-9.067123,"m","1954",129.5,97.33333333,95.16666667,96.25,10.71666667,5.933333333,2.8,5,114306.2317,57.23897429,574.7366667,0.340977415,106225.107,53.19234201,614.4266667,0.351180539,20298.84303,10.16466852,680.7666667,0.483025441,82314.53367,41.21909548,614.8166667,0.381638297,102.5,98.5,92,85,78,72,66,59,52,18.48,NA
"55","4/24/16","Oulad","mud.house",30.439763,-9.068548,"m","1955",124.6666667,103.6666667,102.8333333,103.25,9.966666667,5.75,2.9,5.466666667,101919.3923,51.03625054,590.7333333,0.350905953,108695.5347,54.42941145,590.4066667,0.353367841,19942.73513,9.986347087,675.7966667,0.49325014,78722.64733,39.42045435,593.3533333,0.409744787,99,97,91,85,79,73,66,59,52,19.07,NA
"56","4/25/16","Marrakech","shit.stone",31.502161,-7.820181,"m","1956",121.3333333,91.33333333,NA,91.33333333,10.43333333,6.433333333,2.866666667,5.083333333,77844.09967,38.98052061,598.1266667,0.368882778,84468.69433,42.29779386,605.4066667,0.347303416,18541.11463,9.284484043,681.7,0.522731219,59657.70867,29.87366483,633.7366667,0.450795077,93,92,87,80,73.5,67,61,56,50.5,18,"1957"
"57","4/25/16","Marrakech","shit.stone",31.502161,-7.820181,"f","1957",124.8333333,91.33333333,90.33333333,90.83333333,11,6.033333333,2.8,5.1,94357.722,47.2497356,661.16,0.3562551,81817.96467,40.97043799,603.0766667,0.388333458,31703.69287,15.87565992,660.02,0.463880987,53649.61567,26.86510549,615.45,0.475160279,98,96.5,90,84,78,71,64.5,59,50.5,18.35,"1956"
"58","4/25/16","Marrakech","sheep",31.502435,-7.819943,"m","1958",125.5,124,121.6666667,122.8333334,10.6,6.183333333,3.033333333,5.3,118581.6043,59.37987197,642.7533333,0.319659508,104966.2217,52.56195376,599.15,0.324598829,28705.4524,14.37428763,658.06,0.465160508,81863.90467,40.9934425,609.13,0.350270389,99,95.5,89,82,76,70,65,59.5,52.5,17.59,NA
"59","4/25/16","Marrakech","patience",31.489524,-7.780138,"m","1959",128.3333333,99,96,97.5,11,5.933333333,3.133333333,5.633333333,100683.6143,50.41743332,596.7133333,0.349127767,101562.3283,50.85745034,609.02,0.331478626,27533.11727,13.78723949,666.4133333,0.481984455,53887.30367,26.98412803,652.4033333,0.438903915,102,98.5,91,84,78.5,72,65,58,52,19.82,"1960"
"60","4/25/16","Marrakech","patience",31.489524,-7.780138,"f","1960",128.5,83.5,81.5,82.5,10.96666667,5.45,2.716666667,5.1,98525.75433,49.33688249,598.13,0.346979107,120130.0227,60.1552442,630.7833333,0.330528208,31075.7906,15.56123716,667.8,0.470937779,89198.97867,44.66648907,616.43,0.364191414,96,95.5,88,82,76,70,64,58,52,24.42,"1959"
"61","4/25/16","Marrakech","no.females",31.488985,-7.780242,"m","1961",119.6666667,95.5,91.33333333,93.41666667,10.63333333,5.866666667,2.933333333,4.733333333,98525.75433,49.33688249,598.13,0.346979107,120130.0227,60.1552442,630.7833333,0.330528208,30093.45243,15.06933021,659.08,0.473846516,89198.97867,44.66648907,616.43,0.364191414,93.5,90,86,79,70,67,61,56,50,17.98,NA
"62","4/26/16","Marrakech","kitchen",31.72199,-7.738956,"m","1962",122,NA,106,106,10.86666667,5.966666667,3.033333333,5.066666667,84728.42967,42.42785662,579.8433333,0.36417744,120497.617,60.33931748,626.02,0.32605256,35637.20633,17.84537122,660.02,0.428494293,73643.75567,36.87719362,610.18,0.431476434,96,95,88,81,76,71,64,58,51,17.28,NA
"63","4/26/16","Marrakech","brain.dead",31.721225,-7.73922,"m","1963",119.6666667,92,91,91.5,10.06666667,5.65,2.883333333,4.7,117249.9783,58.71305875,626.4066667,0.327576568,117377.091,58.77671057,626.4066667,0.32272657,25403.48297,12.72082272,660.02,0.485424669,95656.29767,47.89999883,610.18,0.32865887,93,93,87,81.5,75.5,69,64,57,51,17.91,"1964"
"64","4/26/16","Marrakech","brain.dead",31.721225,-7.73922,"f","1964",121.6666667,84.5,83,83.75,10.63333333,5.733333333,2.8,4.766666667,85837.46933,42.98320948,610.18,0.369303015,89114.84,44.62435653,594.77,0.395893142,32285.9781,16.16723991,610.18,0.484626905,70571.612,35.33881422,610.82,0.411170345,95,94,87,81,75,69,64,57,51,17.09,"1963"
"65","4/26/16","Marrakech","peehill",31.72004,-7.740094,"m","1965",121.8333333,118.6666667,115,116.8333334,10.16666667,6.133333333,2.9,4.866666667,116269.692,58.22217927,668.11,0.339112832,138366.4623,69.28716191,628.46,0.326970874,36588.83023,18.32189796,668.7966667,0.463156427,112335.1153,56.25193557,668.11,0.343405426,96,93,86,80,74,68,63,56,48.5,16.43,"1966"
"66","4/26/16","Marrakech","peehill",31.72004,-7.740094,"f","1966",120.8333333,84.33333333,83.66666667,84,11,6,2.883333333,5.033333333,142919.0337,71.56686713,564.4866667,0.319718683,133135.152,66.66757737,564.1566667,0.323600391,36129.73677,18.09200639,653.1033333,0.456609393,102477.5047,51.31572592,596.4566667,0.321910404,93.5,93,86,80,74,68.5,62,56,51,19.22,"1965"
"67","4/26/16","Marrakech","houdini",31.720309,-7.74049,"f","1967",122.3333333,85,83,84,10.43333333,5.433333333,2.816666667,4.316666667,89267.603,44.70085278,588.4633333,0.374396939,96048.015,48.09615173,603.7833333,0.372408643,29840.42333,14.94262561,691.4066667,0.515476559,84462.54667,42.29471541,623.8233333,0.387946334,96,93.5,88,80,75.5,70,64,58,51,18.5,NA
"68","4/26/16","Marrakech","passive.net",31.71569,-7.71709,"m","1968",120.5,92,88,90,10.36666667,5.3,2.966666667,4.833333333,108570.281,54.36669054,576.4333333,0.364978157,124036.8807,62.11160774,588.7133333,0.335517406,33092.37847,16.5710458,686.7433333,0.466459041,88978.94633,44.55630763,626.1266667,0.382444814,93.5,92,86,80.5,75,69,64,57,50.5,18.44,"1969"
"69","4/26/16","Marrakech","passive.net",31.71569,-7.71709,"f","1969",121.6666667,87,86.16666667,86.58333334,10.6,5.966666667,3,5.1,116603.807,58.38948773,560.7833333,0.341146792,92710.17067,46.42472242,562.1433333,0.368555,26860.91297,13.45063243,687.04,0.519178791,65651.74533,32.87518544,575.78,0.430188407,95,93,86.5,80.5,75,69,63.5,57,50.5,21.84,"1968"
"70","4/26/16","Marrakech","speedy",31.715703,-7.716858,"f","1970",120,88,85.66666667,86.83333334,10.03333333,5.966666667,2.833333333,5.166666667,64648.336,32.37272709,660.02,0.360493196,79106.75467,39.61279653,660.02,0.363107344,23769.77127,11.90273974,660.02,0.472826713,63614.50667,31.85503589,660.02,0.382722221,94,93,86,80,74,68,64,59,51,20.92,"1971"
"71","4/26/16","Marrakech","speedy",31.715703,-7.716858,"m","1971",119.1666667,NA,99,99,10.46666667,6.15,2.883333333,5.266666667,80013.57767,40.06688917,598.8433333,0.372470894,72855.302,36.48237456,612.7733333,0.382852016,17215.1159,8.620488683,681.39,0.473024291,56272.03267,28.17828376,633.8133333,0.423282005,93,90,85.5,80,74,68.5,62,56,50,18.5,"1970"
"72","4/27/16","Marrakech","wednesday",31.798149,-7.806362,"f","1972",122,85,83,84,10.23333333,5.7,2.766666667,5.1,86224.427,43.17697897,661.16,0.35249253,88398.49167,44.2656443,661.16,0.358212075,26903.20237,13.4718089,668.11,0.498531733,71273.68633,35.69037873,668.11,0.39381319,95,93,87,83.5,74,68,62,56,51,21.12,"1973"
"73","4/27/16","Marrakech","thursday",31.798149,-7.806362,"m","1973",119.6666667,96.33333333,95.66666667,96,10.35,5.95,3.033333333,4.983333333,110631.3773,55.39878685,575.4633333,0.355480191,104162.4773,52.15947788,607.8066667,0.355006534,21915.1072,10.97401462,676.8033333,0.510173701,80908.85567,40.51520063,554.1666667,0.386220943,93,93,86.5,81,75,68,63,56,50,16.25,"1972"
"74","4/27/16","Marrakech","Weds.2",31.798149,-7.806362,"f","1974",121.1666667,84,82.5,83.25,9.816666667,4.916666667,3.183333333,4.816666667,97607.64067,48.87713604,626.7933333,0.356285975,112362.0323,56.26541429,660.02,0.337517008,38691.84623,19.3749856,660.02,0.433565524,83843.64133,41.98479786,643.4066667,0.370665602,95,92,86,80,72,66.5,61,56,49.5,21.12,NA
"75","4/27/16","Marrakech","Weds.3",31.798149,-7.806362,"f","1975",122.1666667,88,88,88,10.5,6.033333333,2.866666667,5.433333333,123475.852,61.83067201,609.7933333,0.321008238,82833.62,41.47902854,626.48,0.332951314,26893.2016,13.466801,674.06,0.461216555,89308.50067,44.72133233,626.7933333,0.376347201,96,94,89,82,78,72.5,67.5,60,52,21.73,"1976"
"76","4/27/16","Marrakech","Weds.3",31.798149,-7.806362,"m ","1976",119.6666667,105,102,103.5,9.966666667,5.316666667,2.833333333,4.866666667,84265.6,42.19609414,622.4766667,0.33548208,114515.8907,57.34396128,598.4466667,0.343557751,17808.51753,8.917635219,681.08,0.498535886,56175.86933,28.13012986,681.08,0.423422714,93,93,88,83,77,71,65,58,51,17.54,"1975"
"77","4/27/16","Marrakech","Lamb",31.789931,-7.798867,"f","1977",124.5,86.5,86.5,86.5,10.46666667,5.75,3.333333333,5.233333333,101613.3793,50.88301419,660.4,0.346317901,102163.5197,51.15849758,660.02,0.341038023,27338.196,13.68963245,660.4,0.461974182,84837.94067,42.48269437,643.7866667,0.389647934,97,96,89.5,83,77,73,66,60.5,53,20,NA
"78","4/27/16","Marrakech","Lamb",31.789931,-7.798867,"m","1978",122,88,87,87.5,9.933333333,6.25,2.866666667,4.766666667,141109.1107,70.66054615,572.82,0.319421376,126179.8257,63.18468987,576.5133333,0.334338107,28721.8848,14.38251617,611.1433333,0.471504463,100017.6647,50.08395827,592.5033333,0.326866024,96,93.5,88.5,82,76.5,70,65,58,52,19.4,NA
"79","4/27/16","Marrakech","Lamb",31.789931,-7.798867,"m","1979",120,95.5,93.33333333,94.41666667,9.666666667,5.683333333,2.866666667,4.266666667,131476.0943,65.83680237,693.02,0.321090596,124363.8143,62.27532015,661.42,0.340624443,24159.4799,12.09788678,685.4333333,0.481742444,102661.081,51.40765198,693.02,0.351669429,94,91.5,87,80,74,68,62,56,49,16.36,NA
"80","4/27/16","Marrakech","Lamb",31.789931,-7.798867,"m","1980",122.1666667,NA,96.83333333,96.83333333,10.36666667,5.633333333,2.966666667,4.833333333,83382.244,41.75375263,626.7933333,0.32963826,96840.984,48.49323185,644.81,0.345839168,50230.103,25.15278067,671.47,0.441514513,64511.38833,32.30415039,654.7966667,0.435169853,95,93.5,88,81,75.5,69.5,64,56,52,16.92,NA
"81","4/27/16","Marrakech","Lamb",31.789931,-7.798867,"f","1981",117,82,80.66666667,81.33333334,10.4,5.266666667,2.85,4.133333333,135781.7693,67.99287398,631.7433333,0.315974829,92839.07367,46.48927074,643.4066667,0.351180596,20553.3318,10.29210406,660.02,0.487744219,75087.011,37.59990536,650.4266667,0.426346465,91,90.5,85,78,72,66,61,55,48,18.62,NA
"82","4/27/16","Marrakech","sheelas.hungry",31.789931,-7.798867,"f","1982",122.3333333,89.83333333,88,88.91666667,10.93333333,6,2.7,4.666666667,136146.4127,68.17546954,671.47,0.316576266,115904.63,58.03937406,671.47,0.348395524,40066.88927,20.06353994,661.16,0.500703708,62782.36133,31.43833817,644.4866667,0.457003356,95,93,86.5,81,75,70,63.5,58,51,20.42,NA
"83","4/28/16","Beni.Mellal","woo",32.327646,-6.502997,"f","1983",122.5,88.16666667,88,88.08333334,10.8,5.233333333,3,4.55,72675.53467,36.39235587,660.78,0.364781118,94103.558,47.12246269,661.16,0.367319022,30743.3271,15.39475568,661.16,0.485700121,65876.11367,32.98753814,661.16,0.412094032,97,96,89,82,74.5,69,62,56,49.5,21.38,NA
"84","4/28/16","Beni.Mellal","woo",32.327646,-6.502997,"m","1984",127.1666667,108.5,107.3333333,107.9166667,10.3,5.733333333,2.916666667,5,94457.485,47.29969204,611.14,0.364360099,81981.043,41.05209965,610.4333333,0.372872168,17522.93667,8.774630279,674.3666667,0.449382181,51464.375,25.77084377,599.1566667,0.463637121,100,98,93,85,80,73,68,61,53,19.35,NA
"85","4/28/16","Beni.Mellal","woo",32.327646,-6.502997,"m","1985",124,104.3333333,105.5,104.9166667,10.5,6.166666667,2.8,5.033333333,88777.67767,44.45552212,633.1133333,0.331389823,106809.3527,53.48490369,555.8066667,0.342172237,25272.4982,12.65523195,669.7533333,0.531491162,69666.781,34.88571908,673.4333333,0.403062893,98,96.5,92,85,79,72,66,62,55,17.34,NA
"86","4/28/16","Beni.Mellal","woo",32.327646,-6.502997,"m","1986",123.1666667,98,102,100,10.5,6.2,2.85,4.983333333,123808.033,61.99701202,626.02,0.319847294,103491.7613,51.82361609,659.7066667,0.333384782,35044.02797,17.54833649,660.02,0.468073095,107529.5893,53.84556301,625.7066667,0.329387458,96,93,89,81,75,69,63,57,51,18.14,NA
"87","4/28/16","Beni.Mellal","woo",32.327646,-6.502997,"f","1987",121,87,84,85.5,10.83333333,5.7,2.9,4.9,112025.592,56.09694141,660.02,0.336751432,112565.834,56.3674682,667.04,0.339263571,35496.3986,17.77486159,660.4,0.455235977,78244.38433,39.18096361,643.02,0.397012812,96,94.5,89,83,78,72,65,59,52,17.87,NA
"88","4/28/16","Beni.Mellal","woo",32.327646,-6.502997,"f","1988",119,85.5,85.5,85.5,10.83333333,6.383333333,3,5.366666667,97798.11,48.97251377,554.7533333,0.336771721,90350.63967,45.24318461,627.7433333,0.3473255,32027.42217,16.03776773,669.3833333,0.502845754,57141.57573,28.61370843,645.4366667,0.457662778,93,93,85.5,79,73,67,62,55,50,17.47,NA
"89","4/28/16","Beni.Mellal","woo",32.327646,-6.502997,"f","1989",123.1666667,82.66666667,81.66666667,82.16666667,11.73333333,6.066666667,3,5,94845.816,47.49414922,625.7066667,0.371591714,87534.556,43.83302754,598.3966667,0.37251783,28529.70137,14.2862801,678.7866667,0.489236008,64256.06133,32.17629511,609.02,0.409521488,97,95,90,83,76,70,64,58.5,52,18.03,NA
"90","4/28/16","Beni.Mellal","woo",32.327646,-6.502997,"m","1990",124.6666667,103,102,102.5,10.58333333,5.733333333,3.166666667,4.933333333,70487.523,35.29670656,609.4066667,0.379003085,98862.51333,49.50551494,579.8133333,0.366175352,22306.4518,11.16998087,679.4133333,0.455028805,40326.495,20.19353781,610.18,0.465915321,96,94,88,81,76,70.5,64,57,51,17.06,NA
"91","4/28/16","Beni.Mellal","woo",32.327646,-6.502997,"f","1991",121.8333333,89.16666667,87.33333333,88.25,10.56666667,5.9,2.933333333,5.05,88733.52567,44.43341295,553.18,0.371289487,104434.6353,52.29576131,553.5066667,0.356024572,51668.717,25.87316825,623.8066667,0.429674511,72819.27233,36.46433267,553.18,0.387892463,96,92,86,81,75,69,65,60,53,20.44,NA
"92","4/28/16","Beni.Mellal","woo",32.327646,-6.502997,"m","1992",124.6666667,NA,112,112,10.86666667,5.5,2.716666667,4.95,90918.41133,45.52749691,661.4733333,0.36268522,90368.63967,45.25219813,628.7733333,0.39329426,22820.7948,11.42753871,679.1,0.486411069,74802.78667,37.4575797,644.43,0.395445864,99,96,89,82,76,70,63.5,57,51,16.46,NA
"93","4/28/16","Beni.Mellal","woo",32.327646,-6.502997,"f","1993",118.6666667,85.66666667,85,85.33333334,10.46666667,6.116666667,2.95,4.95,104816.6333,52.48704724,628.46,0.34870342,93478.74967,46.80958922,644.4866667,0.357419455,24880.73813,12.45905765,684.3766667,0.503857268,74152.37433,37.13188499,628.1366667,0.379009438,92.5,92,87,80.5,74,69,64,56.5,49,17.03,NA
"94","4/28/16","Beni.Mellal","woo",32.327646,-6.502997,"m","1994",124,102,102.5,102.25,10.5,6.1,2.833333333,4.766666667,87689.26833,43.91049992,610.18,0.354918299,115634.6557,57.90418411,618.5,0.332358832,29324.94813,14.68450082,652.74,0.463913673,70326.65633,35.2161524,610.18,0.388050196,98,95,89,82,76,70,65,58.5,52,18.04,NA
"95","4/28/16","Beni.Mellal","woo",32.327646,-6.502997,"f","1995",96.66666667,100.3333333,99,99.66666665,11.26666667,6.216666667,2.9,5.116666667,101931.656,51.04239159,614.7133333,0.360499799,88898.443,44.51599549,624.1,0.373901601,33683.79307,16.86719733,663.71,0.4897859,93578.23133,46.85940477,661.16,0.374664619,100,98,92,85,79.5,73,68,61,54.5,18.23,NA
"96","4/28/16","Beni.Mellal","woo2",32.327646,-6.502997,"m","1996",125,114,109.1666667,111.5833334,10.8,6.416666667,3.05,4.883333333,112377.8867,56.27335336,657.06,0.308003073,122496.4573,61.34023903,623.7333333,0.330221286,44174.43233,22.12039676,652.09,0.375774537,80354.91667,40.23781506,637.0833333,0.348894853,96,95,88.5,83,77,71,65,59.5,53,19.41,NA
"97","4/28/16","Beni.Mellal","woo2",32.327646,-6.502997,"f","1997",125.8333333,92,89.66666667,90.83333334,10.1,6.133333333,2.9,5.2,134486.306,67.34416925,599.8166667,0.318293486,146368.6143,73.29424854,559.79,0.31308629,25626.60027,12.83254896,676.7366667,0.485503906,110563.283,55.36468853,575.78,0.330881968,99,98,91,84,78,71,65,60,54,17.7,NA
"98","4/28/16","Beni.Mellal","woo2",32.327646,-6.502997,"f","1998",120.8333333,81.66666667,NA,81.66666667,10.3,5.816666667,3.25,4.783333333,102470.68,51.31230846,644.81,0.381789507,91182.544,45.65976164,661.16,0.35166023,30565.27727,15.30559703,644.4866667,0.48555043,71509.29967,35.80836238,661.16,0.38425459,95,92,86,79.5,75,67.5,61,56,49,17.69,NA
"99","4/28/16","Beni.Mellal","woo2",32.327646,-6.502997,"m","1999",128,115,110,112.5,10.13333333,5.933333333,2.766666667,5,128678.1517,64.43572943,657.4466667,0.313148555,108292.392,54.22753731,587.1166667,0.336732165,30258.71667,15.15208646,633.8133333,0.47587417,53967.47633,27.02427458,626.7933333,0.3812601,102,98,91.5,83,78,71,65,58,51,17.8,NA
"100","4/28/16","Beni.Mellal","woo2",32.327646,-6.502997,"f","2000",122.5,86.5,83.83333333,85.16666667,11.16666667,6.033333333,3.133333333,4.966666667,91328.28533,45.73274178,643.4066667,0.335884574,92266.607,46.20260741,660.02,0.343401611,24734.76183,12.38595986,660.02,0.482166524,76918.83933,38.51719546,643.4066667,0.383482801,95,95,90,84,77,71,66,60,52,22.46,NA
"101","4/28/16","Beni.Mellal","woo2",32.327646,-6.502997,"m","2001",121,99.66666667,99,99.33333334,10.53333333,5.933333333,3.2,4.783333333,107323.723,53.74247521,610.5,0.358727021,102670.366,51.41230145,610.82,0.340360373,20718.53817,10.37483133,679.1233333,0.517925444,71088.45033,35.5976216,627.1133333,0.416531282,95,93,86,79.5,74.5,68,61,56,50,19.96,NA
"102","4/28/16","Beni.Mellal","woo2",32.327646,-6.502997,"f","2002",118.3333333,78.33333333,79.5,78.91666667,10.93333333,5.7,3,4.6,110724.0403,55.44518795,643.7866667,0.310182877,97476.35867,48.81139643,610.7433333,0.335278725,28895.14323,14.46927553,662.42,0.484726965,63483.34573,31.7893569,589.7433333,0.383023675,93,94,88,80.5,78,72,63,60,53,19.4,NA
"103","4/28/16","Beni.Mellal","perfume",32.325608,-6.499404,"m","2003",120.5,101,102.1666667,101.5833334,10.35,5.8,2.9,4.833333333,98386.99833,49.26740027,610.18,0.323577349,106871.6887,53.51611851,610.18,0.335365029,28097.18697,14.06969803,667.04,0.452752796,90420.36267,45.27809848,610.18,0.35743156,94,93.5,86,79,73,66.5,60,54,49,17.35,NA
"104","4/29/16","Beni.Mellal","cow",32.339574,-6.569236,"m","1881",123.6666667,104,102.8333333,103.4166667,10.93333333,5.8,3.066666667,5.1,96426.12,48.28548823,643.02,0.36319805,104136.46,52.14644967,659.7066667,0.335146317,19985.336,10.00767952,667.04,0.460241859,63783.40133,31.93961008,643.02,0.399779167,97,96,89,82,76,70,65,57,51,18.26,"1982"
"105","4/29/16","Beni.Mellal","cow",32.339574,-6.569236,"f","1882",121,90,NA,90,10.76666667,5.833333333,2.933333333,4.766666667,79070.004,39.59439359,621.76,0.376085705,87055.58767,43.59318361,609.7933333,0.375236794,29101.40187,14.57255977,667.73,0.484379867,72716.77767,36.41300835,660.02,0.378476182,95,94,88,80,74,68,63,56,50,20.41,NA
"106","4/29/16","Beni.Mellal","cow",32.339574,-6.569236,"m","1883",125,102,102,102,10.9,6.133333333,3.133333333,5.266666667,84884.67767,42.50609798,607.4666667,0.383734999,103641.4443,51.89857002,621.4266667,0.360192804,18417.6785,9.22267326,659.7,0.527128864,72837.48867,36.47345452,611.4633333,0.395932546,98,95,89,82,77,70.5,65,59,52,17.64,NA
"107","4/29/16","Beni.Mellal","photoshoot",32.338386,-6.57008,"f","1884",125.6666667,96,93,94.5,10.96666667,6.066666667,2.7,5.016666667,123201.0103,61.69304473,595.03,0.319525285,132701.592,66.45047171,629.4333333,0.313273142,34725.19713,17.38868159,674.37,0.490255989,102266.9777,51.21030429,643.0933333,0.316966232,99,97,91,85,79,72.5,66.5,60,53,17.21,"1885"
"108","4/29/16","Beni.Mellal","photoshoot",32.338386,-6.57008,"m","1885",124.5,102,101.6666667,101.8333334,10.46666667,6.1,2.9,4.9,123201.0103,61.69304473,595.03,0.319525285,132701.592,66.45047171,629.4333333,0.313273142,34725.19713,17.38868159,674.37,0.490255989,102266.9777,51.21030429,643.0933333,0.316966232,98,96,90,83,76,69,63.5,57,50,17.7,"1884"
"109","5/3/16","Souk.Larbaa","soprano.",34.688489,-6.00082,"m","1516",122.5,103,102,102.5,10.16666667,5.766666667,2.933333333,4.9,109660.157,54.91244717,626.0933333,0.325625343,124346.0803,62.26643983,622.4066667,0.33722661,32536.96763,16.2929232,655.0766667,0.480278572,66682.214,33.39119379,632.0466667,0.391886044,96,95,87,80,75,69,63,56,50,1961,NA
"110","5/3/16","Souk.Larbaa","soprano.",34.688489,-6.00082,"f","1517",122.5,89.66666667,88,88.83333334,10.7,5.866666667,2.833333333,4.566666667,132246.828,66.22274812,634.4366667,0.327627192,111955.6397,56.0619127,575.5166667,0.348502351,28303.36447,14.17294165,661.0933333,0.463135523,72495.07667,36.30199132,667.42,0.368342743,96,94,87,80.5,75,68.5,63,57,51,19.62,NA
"111","5/3/16","Souk.Larbaa","soprano.",34.688489,-6.00082,"m","1518",125.8333333,101,101,101,11.26666667,6.166666667,2.85,4.966666667,77128.59067,38.62222868,603.4666667,0.365148975,93074.906,46.60736405,660.4,0.358768149,18362.31733,9.194951093,660.02,0.481336803,50569.40567,25.32268686,643.4066667,0.4402045,100,98,92.5,85,77,72,66,59.5,52,19.8,NA
"112","5/3/16","Souk.Larbaa","soprano.",34.688489,-6.00082,"m","1519",121,98.16666667,101,99.58333334,10.83333333,5.633333333,2.966666667,4.566666667,63012.64933,31.55365515,661.4733333,0.401420937,50304.71067,25.19014054,644.4866667,0.429149679,18790.96903,9.409598915,670.79,0.476194916,60334.49567,30.21256668,661.16,0.390172782,94.5,95,90,82,77,71,65,57,50,19.1,NA
"113","5/3/16","Souk.Larbaa","soprano.",34.688489,-6.00082,"f","1520",125.5,89,88.83333333,88.91666667,11.36666667,5.633333333,2.8,4.833333333,94494.96133,47.31845835,626.02,0.323709453,101604.587,50.87861142,610.18,0.343007801,25619.49793,12.82899246,667.04,0.465261742,93247.16567,46.69362327,610.18,0.346234487,97,95,88,82,76.5,70,64,58,52,18.66,NA
"114","5/3/16",".Souk.Larbaa","chaos",34.680928,-5.9968,"m","1886",119.1666667,NA,NA,NA,10.83333333,5.8,2.866666667,4.733333333,111577.6277,55.87262277,643.4066667,0.348288747,113380.099,56.77521232,603.0766667,0.3434324,17346.37277,8.686215707,684.73,0.516923263,44137.3396,22.10182253,660.4,0.444437654,94,93,86.5,79,74,68,62,56,49.5,18.72,"1887"
"115","5/3/16","Souk.Larbaa","chaos",34.680928,-5.9968,"f","1887",121.6666667,90,86.5,88.25,10.76666667,6.216666667,2.966666667,4.966666667,168911.9427,84.5828456,658.0766667,0.287335513,82888.399,41.50645919,626.7933333,0.373982667,26525.9131,13.28288087,660.02,0.466650762,97217.59067,48.68181806,610.4866667,0.354473986,97,97,90,84,78,71.5,65,59,52,16.71,"1886"
"116","5/3/16","Souk.Larbaa","den",34.695904,-6.027404,"f","1888",117.6666667,81.33333333,79.5,80.41666667,10.53333333,5.366666667,3.15,4.983333333,111687.3097,55.92754615,578.4633333,0.351802912,137202.963,68.70453831,661.4733333,0.319788694,38522.28133,19.29007578,661.4733333,0.478384791,109475.573,54.82001652,632.7733333,0.331639663,91,89,82.5,76,71.5,66,61,56,51,17.83,NA
"117","5/3/16","Souk.Larbaa","den",34.695904,-6.027404,"f","1889",123.3333333,84.66666667,86.33333333,85.5,10.45,5.4,3.1,5.2,98274.97417,49.21130404,622.7266667,0.328176668,126661.218,63.42574762,586.4566667,0.321951542,28280.97383,14.16172951,669.1166667,0.511505678,88134.958,44.13367952,610.5,0.355225222,96,96,90,82,75.5,71,64,57,50,21.18,NA
"118","5/3/16","Souk.Larbaa","den",34.695904,-6.027404,"m","1890",125.1666667,107.6666667,104.6666667,106.1666667,10.2,5.866666667,3.033333333,4.9,105698.147,52.9284662,627.4333333,0.330611288,114572.0993,57.37210783,611.14,0.353498808,21199.57633,10.61571173,659.7066667,0.480790989,89628.291,44.8814677,635.58,0.321655837,99,95,87,80.5,74,68,61.5,55,50,18.5,NA
"119","5/3/16","Souk.Larbaa","den",34.695904,-6.027404,"m","1891",129.1666667,110.6666667,109.8333333,110.25,10.43333333,5.966666667,3.133333333,5.15,71831.42475,35.96966688,647.56,0.337052187,69549.13433,34.82680738,660.02,0.356696119,20996.28713,10.51391444,669.7166667,0.484028758,46994.79813,23.53269811,643.4066667,0.428628615,103,99,92,85.5,79,73,67,59.5,51.5,18.49,NA
"120","5/3/16","Souk.Larbaa","den",34.695904,-6.027404,"m","1892",120,96,91.83333333,93.91666667,10.35,5.866666667,2.95,5.166666667,123318.44,61.75184777,650.35,0.338441712,98252.923,49.20026189,674.06,0.349517051,22372.3104,11.20295964,660.4,0.494686597,85198.482,42.66323585,633.7366667,0.402741594,93,92,87,81,75,68,64,58,51,18.07,NA
"121","5/3/16","Souk.Larbaa","woodshop",34.676011,-5.996214,"m","1893",124.1666667,105.1666667,105,105.0833334,11.33333333,6.533333333,3.083333333,4.966666667,93608.06533,46.87434418,642.3933333,0.315792512,104951.302,52.55448272,642.7066667,0.33218806,18683.90747,9.355987715,681.08,0.482231953,65569.92267,32.83421265,609.7933333,0.413175361,97,95,88,82,75.5,71,65,58,51,18.93,NA
"122","5/3/16","Souk.Larbaa","woodshop",34.676011,-5.996214,"m","1894",122.3333333,109.1666667,109.3333333,109.25,10.36666667,5.9,3.183333333,4.8,101258.5997,50.70535787,600.1466667,0.37028948,116101.849,58.1381317,610.18,0.33987018,25297.4659,12.66773455,650.4266667,0.484648474,77106.576,38.61120481,603.4666667,0.395349851,97,95,89.5,83,78,70.5,65,58.5,52,1892,NA
"123","5/3/16","Souk.Larbaa","hallway",34.6814,-6.017361,"m","1895",126.5,113.6666667,109,111.3333334,10.46666667,5.916666667,2.733333333,5.166666667,87261.412,43.69625038,597.0266667,0.368310463,117306.4157,58.74131981,584.38,0.328289017,20965.73453,10.49861519,634.4533333,0.498033589,48360.772,24.21671107,666.1,0.46969736,100,98,93.5,85,78.5,73,67,61,54,17.85,"1896"
"124","5/3/16","Souk.Larbaa","hallway",34.6814,-6.017361,"f","1896",122,86.33333333,84.66666667,85.5,10,5.633333333,2.85,4.933333333,149305.6433,74.76496912,626.7933333,0.310177489,137330.076,68.76819029,660.4,0.307607022,28106.13057,14.07417655,660.02,0.493709354,118869.677,59.52412469,627.4933333,0.328110809,95,93,88,81.5,75.5,70,65,59,51,19.66,"1895"
"125","5/3/16","Souk.Larbaa","tires",34.681519,-6.016716,"m","1897",118,94.66666667,NA,94.66666667,10.86666667,5.9,3.033333333,5.1,129261.6023,64.72789301,660.78,0.307700889,103232.1797,51.69363028,661.16,0.342271131,36589.11727,18.3220417,660.4,0.495752898,76409.632,38.26220931,644.4866667,0.422703336,93,91,86,80,75,68,62,56,49,18.33,"1898"
"126","5/3/16","Souk.Larbaa","tires",34.681519,-6.016716,"f","1898",119.8333333,90.33333333,90,90.16666667,10.3,5.25,2.8,4.8,152866.87,76.54825739,645.4033333,0.297973548,156191.0037,78.21282106,660.4,0.304579088,46936.60233,23.5035565,643.7866667,0.451824225,100200.628,50.17557737,627.4933333,0.359338579,93,90,84,78.5,74,68,62.5,57,50.5,21.24,"1897"
"127","5/3/16","Souk.Larbaa","soprano.",34.688489,-6.00082,"m","1899",121.1666667,93,92,92.5,10.9,6.033333333,3,4.966666667,94077.395,47.10936154,643.7266667,0.321194641,111916.5957,56.04236138,667.73,0.321455388,34317.17033,17.18436171,610.1133333,0.429358713,62170.22933,31.13181239,610.18,0.411301641,95,92,87.5,82,75,69,63,56,50,18.51,"1900"
"128","5/3/16","Souk.Larbaa","soprano.",34.688489,-6.00082,"f","1900",125.5,86,84,85,11.46666667,5.766666667,2.916666667,4.833333333,97578.12733,48.8623572,661.4733333,0.327904493,115285.5163,57.72935219,661.16,0.342088536,23934.48233,11.985219,689.79,0.509941428,82677.30233,41.4007523,671.1,0.349492201,99,95,89,82,76,70,64,56,50.5,19.03,"1899"
"129","5/4/16","Moulay","cloudy",34.812596,-6.301191,"f","1521",123,NA,NA,NA,10.9,5.966666667,2.616666667,5.133333333,72588.14767,36.34859673,610.18,0.380047665,83264.67167,41.69487815,626.48,0.36130276,36084.90863,18.06955865,643.7266667,0.460416602,43995.5305,22.03081147,659.3933333,0.475739762,97,93.5,87,80,75,70,65,59,52,18.18,"1522"
"130","5/4/16","Moulay","cloudy",34.812596,-6.301191,"m","1522",123,95,94,94.5,10.4,6.033333333,3.1,5.033333333,83146.38467,41.6356458,614.5766667,0.394775559,119127.2217,59.65309047,643.4066667,0.326603184,17504.128,8.765211818,674.06,0.492539327,43995.5305,22.03081147,659.3933333,0.475739762,96,95.5,90,83,76.5,71,65,59,53,18.63,"1521"
"131","5/4/16","Moulay","cloudy",34.812596,-6.301191,"f","1523",118.6666667,82.5,75.83333333,79.16666667,10.73333333,5.75,3.05,4.833333333,106146.317,53.15288783,661.16,0.341801974,99650.105,49.89990235,660.02,0.331750188,23307.04073,11.67102691,660.78,0.510712612,73570.285,36.8404031,661.11,0.369927893,93,91,85,79,73,67,61,56,50,17.29,"1524"
"132","5/4/16","Moulay","cloudy",34.812596,-6.301191,"m","1524",122,102.3333333,102.6666667,102.5,10.73333333,5.933333333,3.133333333,4.933333333,87965.46233,44.04880437,631.43,0.384110182,83807.29233,41.96659606,615.3666667,0.379210711,23263.78097,11.64936453,658.7266667,0.515059353,46885.34247,23.47788807,627.0866667,0.483283799,95,94,87,82,74.5,69,64,58,52,17.81,"1523"
"133","5/4/16","Moulay","bonus",34.811697,-6.302428,"m","1525",123.5,103.6666667,100.5,102.0833334,10.46666667,5.3,3.283333333,5.233333333,53332.90513,26.70651234,609.02,0.357607312,82450.33467,41.28709798,626.48,0.390796886,13800.12183,6.910426557,681.76,0.55436593,73848.96433,36.97995209,644.1,0.409200944,98,95,90,84,78,72,66,60,51,17.61,"1526"
"134","5/4/16","Moulay","bonus",34.811697,-6.302428,"f","1526",125,87.5,94.16666667,90.83333334,11.23333333,5.8,3.083333333,5.466666667,115595.7253,57.8846897,650.4266667,0.322869456,102915.487,51.53504607,626.02,0.342956306,30366.0033,15.20581037,626.7933333,0.464245722,54659.49667,27.37080454,626.4066667,0.426369808,98,95,90,83,78,71,67,60,52,20.4,"1525"
"135","5/4/16","Moulay","bonus",34.811697,-6.302428,"m","1527",123,98,95.66666667,96.83333334,10.5,5.683333333,3,4.866666667,74183.86533,37.14765415,660.78,0.360395496,112277.2593,56.22296411,661.16,0.324135927,30955.6846,15.50109394,660.78,0.455175266,62121.543,31.10743265,661.16,0.438390203,98,96,90,84,78,71,65,57,52,17.53,NA
"136","5/4/16","Moulay","construction",34.811825,-6.302336,"f","1528",122.8333333,83.66666667,82.16666667,82.91666667,10.7,6.133333333,3.033333333,5.333333333,111871.5797,56.01981956,643.4066667,0.317623846,107701.451,53.93162293,660.02,0.314018333,25798.44497,12.91860038,661.4733333,0.523052433,81484.977,40.80369404,610.5,0.361796828,95,93,88,82,77,72,66,60,52,19.99,NA
"137","5/4/16","Moulay","rip",34.80767,-6.30827,"f","1529",123.6666667,89.5,90.16666667,89.83333334,10.31666667,5.6,2.833333333,4.9,69525.64333,34.81504423,610.1133333,0.383547146,95486.043,47.81474362,609.02,0.356755847,20457.9849,10.24435899,674.7533333,0.501922309,58079.81913,29.08353487,626.02,0.396302527,97,97,90,84,78,72,65,59,50,19.7,NA
"138","5/4/16","Moulay","rip",34.80767,-6.30827,"m","1530",127,110,107,108.5,10.63333333,5.8,3.033333333,4.966666667,68813.172,34.45827341,626.7933333,0.364578291,65122.1795,32.61000476,635.1,0.368228261,21156.7578,10.59427031,660.02,0.457763245,48071.61267,24.0719142,626.7933333,0.46327952,99,98,91,85,78,71,65,59,53,18.33,NA
"139","5/4/16","Moulay","rip",34.80767,-6.30827,"f","1531",120.5,91.66666667,91,91.33333334,10.3,5.8,2.733333333,5.033333333,99212.00567,49.68052362,599.8133333,0.356168657,90556,45.34601903,599.1075,0.352798248,45897.45937,22.98320449,624.4433333,0.441007794,60944.94933,30.51825204,627.4366667,0.416796195,94,94,87,80,74,68,63,57,51.5,16.53,NA
"140","5/4/16","Moulay","rip",34.80767,-6.30827,"m","1532",124.5,NA,94.83333333,94.83333333,10.5,5.9,2.866666667,4.833333333,80350.75967,40.23573343,642.3933333,0.347296191,104377.1837,52.26699232,626.8,0.336115894,23779.72057,11.90772187,666.7266667,0.497531333,85423.45067,42.77588917,659.08,0.367263941,97,94,88,82,76,71,64,57.5,51,18.71,NA
"141","5/4/16","Moulay","garage",34.810417,-6.308456,"m","1533",127.1666667,111,108,109.5,10.76666667,6,2.866666667,4.9,80350.75967,40.23573343,642.3933333,0.347296191,104377.1837,52.26699232,626.8,0.336115894,23779.72057,11.90772187,666.7266667,0.497531333,85423.45067,42.77588917,659.08,0.367263941,99,96,90.5,83,77,71.5,66,60,53,19.35,NA
"142","5/4/16","Moulay","garage",34.810417,-6.308456,"f","1534",120,85.33333333,83.5,84.41666667,10.7,5.75,3.083333333,5.566666667,76106.086,38.11020831,660.4,0.347728924,70028.81767,35.06700935,660.02,0.339577666,48089.003,24.08062243,661.16,0.429592765,81310.05533,40.71610182,643.7266667,0.34686618,94,92.5,87,79,73,67,61.5,57,50,18.62,NA
"143","5/4/16","Moulay","garage",34.810417,-6.308456,"f","1535",121,91.66666667,89.66666667,90.66666667,10.26666667,5.9,3.066666667,4.633333333,118697.1603,59.43773677,628.1366667,0.323377812,104033.144,52.09471407,610.82,0.33654259,29544.61737,14.79450043,661.7866667,0.474638605,75602.097,37.85783525,614.1133333,0.370602903,93,92,87,81,75,69,65,58.5,51,17.8,NA
"144","5/4/16","Moulay","garage",34.810417,-6.308456,"f","1536",121.8333333,92,90.33333333,91.16666667,10.03333333,6.183333333,2.966666667,5.033333333,120128.1437,60.15430329,557.8366667,0.325203934,74717.148,37.41469604,626.48,0.350478845,28210.72613,14.1265529,659.08,0.509071259,60651.76,30.37143716,598.7666667,0.439498388,95,93,88,82,77,70,65,58,52,20.31,NA
"145","5/4/16","Moulay","garage",34.810417,-6.308456,"m","1537",124.6666667,108,108,108,10.76666667,5.833333333,3.15,4.833333333,96701.262,48.4232659,609.7933333,0.341378004,85447.06867,42.78771591,609.4066667,0.360085107,28605.2608,14.32411657,670.0966667,0.440169656,81543.22033,40.83285946,643.4066667,0.365106408,99,97,91,83,78,71,65,58.5,50,18.74,NA
"146","5/4/16","Moulay","garage",34.810417,-6.308456,"m","1538",122.6666667,111,110,110.5,10.2,5.466666667,2.933333333,5.033333333,70596.95567,35.35150509,660.4,0.337513183,77091.37467,38.60359272,643.4066667,0.336579239,26216.33583,13.12785971,660.02,0.483038183,58145.8195,29.11658463,660.02,0.357461154,98,95.5,90,83,78,71,66,60,53,16.22,NA
"147","5/4/16","Moulay","garage",34.810417,-6.308456,"f","1539",124.1666667,106,105.3333333,105.6666667,11,6.066666667,3,4.833333333,61054.162,30.57294041,660.02,0.36714351,70350.345,35.22801452,660.02,0.381863635,36159.52067,18.10692071,644.1066667,0.456343516,59856.776,29.97334802,643.7866667,0.390642336,97,95,91.5,85,79,73,67,59,53,18.53,NA
"148","5/4/16","Moulay","nesta",34.811174,-6.308552,"f","1540",123.1666667,84.16666667,83.83333333,84,11.16666667,5.666666667,2.833333333,4.766666667,61054.162,30.57294041,660.02,0.36714351,70350.345,35.22801452,660.02,0.381863635,36159.52067,18.10692071,644.1066667,0.456343516,59856.776,29.97334802,643.7866667,0.390642336,96,93,88.5,82,75,70,62,56,49,20.93,"1541"
"149","5/4/16","Moulay","nesta",34.811174,-6.308552,"m","1541",125.3333333,106.3333333,104,105.1666667,10.63333333,5.9,2.966666667,4.933333333,64151.467,32.12391938,643.4066667,0.391318075,105784.7603,52.97183792,660.02,0.343234592,23401.0632,11.71810876,660.02,0.40253642,32047.06437,16.04760359,660.02,0.427516422,99,97,90,82,77,70,63,56,51,19.11,"1540"
"150","5/4/16","Moulay","Nest.b",34.811174,-6.308552,"f","1542",120.1666667,79.33333333,79,79.16666667,11.53333333,6.283333333,2.966666667,4.666666667,81417.35833,40.76983392,598.4566667,0.370389454,93103.985,46.62192539,626.7933333,0.340348454,27991.3027,14.01667636,671.41,0.503718328,61563.28067,30.82788216,598.5166667,0.397393751,94,92,86.5,80,75,69,63,58,51.5,20.13,NA
"151","5/4/16","Moulay","Nest.b",34.811174,-6.308552,"f?","1543",122.6666667,90,88,89,10.9,5.816666667,2.766666667,4.866666667,90107.043,45.1212033,661.16,0.348635927,69610.22667,34.85739943,661.16,0.37292291,34341.07123,17.19633011,660.78,0.44982771,63825.77267,31.96082757,661.16,0.408501847,95,94,87,82,76,69,65,59,52,18.37,NA
"152","5/4/16","Moulay","Nest.b",34.811174,-6.308552,"m","1544",122,93.66666667,92,92.83333334,10.83333333,5.783333333,2.9,4.633333333,56213.63783,28.14904248,660.02,0.388580076,77876.309,38.99664947,660.02,0.367900101,17466.95507,8.746597429,660.02,0.482618284,55251.09467,27.66704791,660.02,0.452654642,95,91,87,80,75,69,63,57,50,NA,NA
"153","5/4/16","Moulay","Nest.b",34.811174,-6.308552,"m?","1545",119,87,85,86,10.2,5.233333333,2.866666667,4.7,73613.10843,36.86184699,627.1733333,0.324790889,72281.544,36.1950646,660.4,0.323007395,29488.3763,14.76633766,660.02,0.492070365,70534.48567,35.32022317,627.1133333,0.373703146,93,91,87,80,73,67.5,62,55,50,18.03,NA
"154","5/4/16","Moulay","Crowd.",34.811174,-6.308552,"f","1546",123,91,90,90.5,11.33333333,6.033333333,3.033333333,5.133333333,55545.26533,27.8143542,642.78,0.369689964,63457.121,31.77622484,660.02,0.373074252,28092.8651,14.06753385,660.02,0.474635721,48920.747,24.49711918,627.1133333,0.436124571,96,95,89.5,82,76,70,63,58,52.5,20.62,"1547"
"155","5/4/16","Moulay","Crowd.",34.811174,-6.308552,"m","1547",122,106,95.83333333,100.9166667,11.53333333,6.333333333,2.766666667,5.4,74125.69133,37.11852345,626.7933333,0.385977819,76727.79433,38.42152946,610.18,0.375255863,26325.6864,13.18261713,667.04,0.472825581,41731.4669,20.89707907,626.7933333,0.471580218,95,91,86.5,80,73,67,61,55,49,18.65,"1546"
"156","5/4/16","Souk.Larbaa","finito",34.680928,-5.9968,"m","1548",124.1666667,97.33333333,95,96.16666667,10.76666667,6.033333333,3,4.933333333,114420.1257,57.29600684,631.7433333,0.355341095,108925.2607,54.544447,660.02,0.32627543,24584.06603,12.31049876,669.7166667,0.510863114,113255.5993,56.71286897,660.02,0.330594046,97,94,87,81,75,70,63,56,49,19.51,NA
"157","5/4/16","Souk.Larbaa","finito",34.680928,-5.9968,"f","1549",121.5,88,88.33333333,88.16666667,10.23333333,6.033333333,2.7,5.033333333,106577.0013,53.3685535,642.7066667,0.33978691,128856.948,64.52526189,642.3933333,0.314638819,24811.55103,12.42441213,681.08,0.495315282,82021.317,41.0722669,614.43,0.405409622,95,94,87,81,74,70,65,58,50,20.58,NA
"158","5/4/16","Souk.Larbaa","finito",34.680928,-5.9968,"f","1550",123.1666667,89,86.66666667,87.83333334,10.86666667,6.366666667,2.766666667,4.766666667,62585.599,31.33980921,643.4066667,0.351815589,99205.08167,49.67705642,660.4,0.347837643,25143.54023,12.5906561,653.4833333,0.485413256,76248.92767,38.18173644,644.1666667,0.379818125,96,94,88.5,80,75,69,63,57,51,19.73,NA
"159","5/4/16","Souk.Larbaa","finito",34.680928,-5.9968,"m ","1551",124,106.3333333,103.3333333,104.8333333,10.43333333,5.666666667,2.933333333,5.1,81052.57,40.58716575,626.7933333,0.341569643,85442.19533,42.78527558,660.02,0.344091822,27672.34327,13.85695707,675.3666667,0.52998715,89973.38933,45.05427608,627.4333333,0.359340748,99,95,89.5,83,77,70,65,58,52.5,16.99,NA
